symbol,earnings_date
AAPL,2020-01-28
AAPL,2020-04-30
AAPL,2020-07-30
AAPL,2020-10-29
AAPL,2021-01-27
AAPL,2021-04-28
AAPL,2021-07-27
AAPL,2021-10-28
AAPL,2022-01-27
AAPL,2022-04-28
AAPL,2022-07-28
AAPL,2022-10-27
AAPL,2023-02-02
AAPL,2023-05-04
AAPL,2023-08-03
AAPL,2023-11-02
AAPL,2024-02-01
AAPL,2024-05-02
AAPL,2024-08-01
AAPL,2024-10-31
ABNB,2021-02-25
ABNB,2021-05-14
ABNB,2021-08-12
ABNB,2021-11-04
ABNB,2022-02-15
ABNB,2022-05-03
ABNB,2022-08-02
ABNB,2022-11-01
ABNB,2023-02-14
ABNB,2023-05-09
ABNB,2023-08-03
ABNB,2023-11-01
ABNB,2024-02-13
ABNB,2024-05-08
ABNB,2024-08-06
ABNB,2024-11-07
ALB,2020-02-19
ALB,2020-05-06
ALB,2020-08-05
ALB,2020-11-04
ALB,2021-02-17
ALB,2021-05-05
ALB,2021-08-04
ALB,2021-11-03
ALB,2022-02-16
ALB,2022-05-04
ALB,2022-08-03
ALB,2022-11-02
ALB,2023-02-15
ALB,2023-05-03
ALB,2023-08-02
ALB,2023-11-01
ALB,2024-02-14
ALB,2024-05-01
ALB,2024-07-31
ALB,2024-11-06
AMD,2020-01-28
AMD,2020-04-28
AMD,2020-07-28
AMD,2020-10-27
AMD,2021-01-26
AMD,2021-04-27
AMD,2021-07-27
AMD,2021-10-26
AMD,2022-02-01
AMD,2022-05-03
AMD,2022-08-02
AMD,2022-11-01
AMD,2023-01-31
AMD,2023-05-02
AMD,2023-08-01
AMD,2023-10-31
AMD,2024-01-30
AMD,2024-04-30
AMD,2024-07-30
AMD,2024-10-29
AMZN,2020-01-30
AMZN,2020-04-30
AMZN,2020-07-30
AMZN,2020-10-29
AMZN,2021-02-02
AMZN,2021-04-29
AMZN,2021-07-29
AMZN,2021-10-28
AMZN,2022-02-03
AMZN,2022-04-28
AMZN,2022-07-28
AMZN,2022-10-27
AMZN,2023-02-02
AMZN,2023-04-27
AMZN,2023-08-03
AMZN,2023-10-26
AMZN,2024-02-01
AMZN,2024-04-30
AMZN,2024-08-01
AMZN,2024-10-31
AVGO,2020-03-12
AVGO,2020-06-04
AVGO,2020-09-03
AVGO,2020-12-10
AVGO,2021-03-04
AVGO,2021-06-03
AVGO,2021-09-02
AVGO,2021-12-09
AVGO,2022-03-03
AVGO,2022-05-26
AVGO,2022-09-01
AVGO,2022-12-08
AVGO,2023-03-02
AVGO,2023-06-01
AVGO,2023-08-31
AVGO,2023-12-07
AVGO,2024-03-07
AVGO,2024-06-12
AVGO,2024-09-05
AVGO,2024-12-12
BA,2020-01-29
BA,2020-04-29
BA,2020-07-29
BA,2020-10-28
BA,2021-01-27
BA,2021-04-28
BA,2021-07-28
BA,2021-10-27
BA,2022-01-26
BA,2022-04-27
BA,2022-07-27
BA,2022-10-26
BA,2023-01-25
BA,2023-04-26
BA,2023-07-26
BA,2023-10-25
BA,2024-01-31
BA,2024-04-24
BA,2024-07-31
BA,2024-10-23
CCL,2019-12-20
CCL,2020-03-20
CCL,2020-06-18
CCL,2020-10-08
CCL,2021-01-26
CCL,2021-04-07
CCL,2021-06-28
CCL,2021-09-30
CCL,2021-12-20
CCL,2022-03-22
CCL,2022-06-24
CCL,2022-09-30
CCL,2022-12-21
CCL,2023-03-27
CCL,2023-06-26
CCL,2023-09-29
CCL,2023-12-21
CCL,2024-03-27
CCL,2024-06-25
CCL,2024-09-30
CCL,2024-12-20
CEG,2022-02-25
CEG,2022-05-12
CEG,2022-08-04
CEG,2022-11-08
CEG,2023-02-16
CEG,2023-05-04
CEG,2023-08-03
CEG,2023-11-06
CEG,2024-02-27
CEG,2024-05-09
CEG,2024-08-06
CEG,2024-11-04
CMG,2020-02-04
CMG,2020-04-21
CMG,2020-07-22
CMG,2020-10-21
CMG,2021-02-02
CMG,2021-04-21
CMG,2021-07-20
CMG,2021-10-21
CMG,2022-02-08
CMG,2022-04-26
CMG,2022-07-26
CMG,2022-10-25
CMG,2023-02-07
CMG,2023-04-25
CMG,2023-07-26
CMG,2023-10-26
CMG,2024-02-06
CMG,2024-04-24
CMG,2024-07-24
CMG,2024-10-29
COIN,2021-05-13
COIN,2021-08-10
COIN,2021-11-09
COIN,2022-02-24
COIN,2022-05-10
COIN,2022-08-09
COIN,2022-11-03
COIN,2023-02-21
COIN,2023-05-04
COIN,2023-08-03
COIN,2023-11-02
COIN,2024-02-15
COIN,2024-05-02
COIN,2024-08-01
COIN,2024-10-30
CRM,2020-02-25
CRM,2020-05-28
CRM,2020-08-25
CRM,2020-12-01
CRM,2021-02-25
CRM,2021-05-27
CRM,2021-08-25
CRM,2021-11-30
CRM,2022-03-01
CRM,2022-05-31
CRM,2022-08-24
CRM,2022-11-30
CRM,2023-03-01
CRM,2023-05-31
CRM,2023-08-30
CRM,2023-11-29
CRM,2024-02-28
CRM,2024-05-29
CRM,2024-08-28
CRM,2024-12-03
CRWD,2020-03-19
CRWD,2020-06-02
CRWD,2020-09-01
CRWD,2020-12-02
CRWD,2021-03-16
CRWD,2021-06-03
CRWD,2021-08-31
CRWD,2021-12-01
CRWD,2022-03-09
CRWD,2022-06-02
CRWD,2022-08-30
CRWD,2022-11-29
CRWD,2023-03-07
CRWD,2023-05-31
CRWD,2023-08-30
CRWD,2023-11-28
CRWD,2024-03-05
CRWD,2024-06-04
CRWD,2024-08-28
CRWD,2024-11-26
DAL,2020-01-14
DAL,2020-04-22
DAL,2020-07-14
DAL,2020-10-13
DAL,2021-01-14
DAL,2021-04-15
DAL,2021-07-14
DAL,2021-10-13
DAL,2022-01-13
DAL,2022-04-13
DAL,2022-07-13
DAL,2022-10-13
DAL,2023-01-13
DAL,2023-04-13
DAL,2023-07-13
DAL,2023-10-12
DAL,2024-01-12
DAL,2024-04-10
DAL,2024-07-11
DAL,2024-10-10
DELL,2020-02-27
DELL,2020-05-28
DELL,2020-08-27
DELL,2020-11-24
DELL,2021-02-25
DELL,2021-05-27
DELL,2021-08-26
DELL,2021-11-23
DELL,2022-02-24
DELL,2022-05-26
DELL,2022-08-25
DELL,2022-11-21
DELL,2023-03-02
DELL,2023-06-01
DELL,2023-08-31
DELL,2023-11-30
DELL,2024-02-29
DELL,2024-05-30
DELL,2024-08-29
DELL,2024-11-26
DVN,2020-02-18
DVN,2020-05-05
DVN,2020-08-04
DVN,2020-10-29
DVN,2021-02-16
DVN,2021-05-04
DVN,2021-08-03
DVN,2021-11-02
DVN,2022-02-15
DVN,2022-05-02
DVN,2022-08-01
DVN,2022-11-01
DVN,2023-02-14
DVN,2023-05-09
DVN,2023-08-01
DVN,2023-11-07
DVN,2024-02-27
DVN,2024-05-01
DVN,2024-08-06
DVN,2024-11-05
EL,2020-02-06
EL,2020-05-01
EL,2020-08-20
EL,2020-11-02
EL,2021-02-05
EL,2021-05-03
EL,2021-08-19
EL,2021-11-02
EL,2022-02-03
EL,2022-05-03
EL,2022-08-18
EL,2022-11-02
EL,2023-02-02
EL,2023-05-03
EL,2023-08-18
EL,2023-11-01
EL,2024-02-05
EL,2024-05-01
EL,2024-08-19
EL,2024-10-31
FTNT,2020-02-06
FTNT,2020-05-06
FTNT,2020-08-06
FTNT,2020-10-29
FTNT,2021-02-04
FTNT,2021-04-29
FTNT,2021-07-29
FTNT,2021-11-04
FTNT,2022-02-03
FTNT,2022-05-04
FTNT,2022-08-03
FTNT,2022-11-02
FTNT,2023-02-07
FTNT,2023-05-04
FTNT,2023-08-03
FTNT,2023-11-02
FTNT,2024-02-06
FTNT,2024-05-02
FTNT,2024-08-06
FTNT,2024-11-07
GOOGL,2020-02-03
GOOGL,2020-04-28
GOOGL,2020-07-30
GOOGL,2020-10-29
GOOGL,2021-02-02
GOOGL,2021-04-27
GOOGL,2021-07-27
GOOGL,2021-10-26
GOOGL,2022-02-01
GOOGL,2022-04-26
GOOGL,2022-07-26
GOOGL,2022-10-25
GOOGL,2023-02-02
GOOGL,2023-04-25
GOOGL,2023-07-25
GOOGL,2023-10-24
GOOGL,2024-01-30
GOOGL,2024-04-25
GOOGL,2024-07-23
GOOGL,2024-10-29
HAL,2020-01-21
HAL,2020-04-20
HAL,2020-07-20
HAL,2020-10-19
HAL,2021-01-19
HAL,2021-04-21
HAL,2021-07-20
HAL,2021-10-19
HAL,2022-01-24
HAL,2022-04-19
HAL,2022-07-19
HAL,2022-10-25
HAL,2023-01-24
HAL,2023-04-25
HAL,2023-07-19
HAL,2023-10-24
HAL,2024-01-23
HAL,2024-04-23
HAL,2024-07-19
HAL,2024-11-07
LLY,2020-01-30
LLY,2020-04-23
LLY,2020-07-30
LLY,2020-10-27
LLY,2021-01-29
LLY,2021-04-27
LLY,2021-08-03
LLY,2021-10-26
LLY,2022-02-03
LLY,2022-04-28
LLY,2022-08-04
LLY,2022-11-01
LLY,2023-02-02
LLY,2023-04-27
LLY,2023-08-08
LLY,2023-11-02
LLY,2024-02-06
LLY,2024-04-30
LLY,2024-08-08
LLY,2024-10-30
LUV,2020-01-23
LUV,2020-04-28
LUV,2020-07-23
LUV,2020-10-22
LUV,2021-01-28
LUV,2021-04-22
LUV,2021-07-22
LUV,2021-10-21
LUV,2022-01-27
LUV,2022-04-28
LUV,2022-07-28
LUV,2022-10-27
LUV,2023-01-26
LUV,2023-04-27
LUV,2023-07-27
LUV,2023-10-26
LUV,2024-01-25
LUV,2024-04-25
LUV,2024-07-25
LUV,2024-10-24
MCD,2020-01-29
MCD,2020-04-30
MCD,2020-07-28
MCD,2020-11-09
MCD,2021-01-28
MCD,2021-04-29
MCD,2021-07-28
MCD,2021-10-27
MCD,2022-01-27
MCD,2022-04-28
MCD,2022-07-26
MCD,2022-10-27
MCD,2023-01-31
MCD,2023-04-25
MCD,2023-07-27
MCD,2023-10-30
MCD,2024-02-05
MCD,2024-04-30
MCD,2024-07-29
MCD,2024-10-29
META,2020-01-29
META,2020-04-29
META,2020-07-30
META,2020-10-29
META,2021-01-27
META,2021-04-28
META,2021-07-28
META,2021-10-25
META,2022-02-02
META,2022-04-27
META,2022-07-27
META,2022-10-26
META,2023-02-01
META,2023-04-26
META,2023-07-26
META,2023-10-25
META,2024-02-01
META,2024-04-24
META,2024-07-31
META,2024-10-30
MSFT,2020-01-29
MSFT,2020-04-29
MSFT,2020-07-22
MSFT,2020-10-27
MSFT,2021-01-26
MSFT,2021-04-27
MSFT,2021-07-27
MSFT,2021-10-26
MSFT,2022-01-25
MSFT,2022-04-26
MSFT,2022-07-26
MSFT,2022-10-25
MSFT,2023-01-24
MSFT,2023-04-25
MSFT,2023-07-25
MSFT,2023-10-24
MSFT,2024-01-30
MSFT,2024-04-25
MSFT,2024-07-30
MSFT,2024-10-30
NCLH,2020-02-20
NCLH,2020-05-14
NCLH,2020-08-06
NCLH,2020-11-09
NCLH,2021-02-25
NCLH,2021-05-06
NCLH,2021-08-06
NCLH,2021-11-03
NCLH,2022-02-24
NCLH,2022-05-10
NCLH,2022-08-09
NCLH,2022-11-08
NCLH,2023-02-28
NCLH,2023-05-01
NCLH,2023-08-01
NCLH,2023-11-01
NCLH,2024-02-27
NCLH,2024-05-01
NCLH,2024-07-31
NCLH,2024-10-31
NFLX,2020-01-21
NFLX,2020-04-21
NFLX,2020-07-16
NFLX,2020-10-20
NFLX,2021-01-19
NFLX,2021-04-20
NFLX,2021-07-20
NFLX,2021-10-19
NFLX,2022-01-20
NFLX,2022-04-19
NFLX,2022-07-19
NFLX,2022-10-18
NFLX,2023-01-19
NFLX,2023-04-18
NFLX,2023-07-19
NFLX,2023-10-18
NFLX,2024-01-23
NFLX,2024-04-18
NFLX,2024-07-18
NFLX,2024-10-17
NVDA,2020-02-13
NVDA,2020-05-21
NVDA,2020-08-19
NVDA,2020-11-18
NVDA,2021-02-24
NVDA,2021-05-26
NVDA,2021-08-18
NVDA,2021-11-17
NVDA,2022-02-16
NVDA,2022-05-25
NVDA,2022-08-24
NVDA,2022-11-16
NVDA,2023-02-22
NVDA,2023-05-24
NVDA,2023-08-23
NVDA,2023-11-21
NVDA,2024-02-21
NVDA,2024-05-22
NVDA,2024-08-28
NVDA,2024-11-20
PANW,2020-02-24
PANW,2020-05-21
PANW,2020-08-24
PANW,2020-11-16
PANW,2021-02-22
PANW,2021-05-20
PANW,2021-08-23
PANW,2021-11-18
PANW,2022-02-22
PANW,2022-05-19
PANW,2022-08-22
PANW,2022-11-17
PANW,2023-02-21
PANW,2023-05-23
PANW,2023-08-18
PANW,2023-11-15
PANW,2024-02-20
PANW,2024-05-20
PANW,2024-08-19
PANW,2024-11-20
PLTR,2020-11-12
PLTR,2021-02-16
PLTR,2021-05-11
PLTR,2021-08-12
PLTR,2021-11-09
PLTR,2022-02-17
PLTR,2022-05-09
PLTR,2022-08-08
PLTR,2022-11-07
PLTR,2023-02-13
PLTR,2023-05-08
PLTR,2023-08-07
PLTR,2023-11-02
PLTR,2024-02-05
PLTR,2024-05-06
PLTR,2024-08-05
PLTR,2024-11-04
QCOM,2020-02-05
QCOM,2020-04-29
QCOM,2020-07-29
QCOM,2020-11-04
QCOM,2021-02-03
QCOM,2021-04-28
QCOM,2021-07-28
QCOM,2021-11-03
QCOM,2022-02-02
QCOM,2022-04-27
QCOM,2022-07-27
QCOM,2022-11-02
QCOM,2023-02-02
QCOM,2023-05-03
QCOM,2023-08-02
QCOM,2023-11-01
QCOM,2024-01-31
QCOM,2024-05-01
QCOM,2024-07-31
QCOM,2024-11-06
SLB,2020-01-17
SLB,2020-04-17
SLB,2020-07-24
SLB,2020-10-16
SLB,2021-01-22
SLB,2021-04-23
SLB,2021-07-23
SLB,2021-10-22
SLB,2022-01-21
SLB,2022-04-22
SLB,2022-07-22
SLB,2022-10-21
SLB,2023-01-20
SLB,2023-04-21
SLB,2023-07-21
SLB,2023-10-20
SLB,2024-01-19
SLB,2024-04-19
SLB,2024-07-19
SLB,2024-10-18
SMCI,2020-02-06
SMCI,2020-05-07
SMCI,2020-08-11
SMCI,2020-11-03
SMCI,2021-02-02
SMCI,2021-05-04
SMCI,2021-08-10
SMCI,2021-11-02
SMCI,2022-02-01
SMCI,2022-05-03
SMCI,2022-08-09
SMCI,2022-11-01
SMCI,2023-01-31
SMCI,2023-05-02
SMCI,2023-08-08
SMCI,2023-11-01
SMCI,2024-01-29
SMCI,2024-04-30
SMCI,2024-08-06
T,2020-01-29
T,2020-04-22
T,2020-07-23
T,2020-10-22
T,2021-01-27
T,2021-04-22
T,2021-07-22
T,2021-10-21
T,2022-01-26
T,2022-04-21
T,2022-07-21
T,2022-10-20
T,2023-01-25
T,2023-04-20
T,2023-07-26
T,2023-10-19
T,2024-01-24
T,2024-04-24
T,2024-07-24
T,2024-10-23
TSLA,2020-01-29
TSLA,2020-04-29
TSLA,2020-07-22
TSLA,2020-10-21
TSLA,2021-01-27
TSLA,2021-04-26
TSLA,2021-07-26
TSLA,2021-10-20
TSLA,2022-01-26
TSLA,2022-04-20
TSLA,2022-07-20
TSLA,2022-10-19
TSLA,2023-01-25
TSLA,2023-04-19
TSLA,2023-07-19
TSLA,2023-10-18
TSLA,2024-01-24
TSLA,2024-04-23
TSLA,2024-07-23
TSLA,2024-10-23
UAL,2020-01-21
UAL,2020-04-30
UAL,2020-07-21
UAL,2020-10-14
UAL,2021-01-20
UAL,2021-04-19
UAL,2021-07-20
UAL,2021-10-19
UAL,2022-01-19
UAL,2022-04-20
UAL,2022-07-20
UAL,2022-10-18
UAL,2023-01-17
UAL,2023-04-18
UAL,2023-07-19
UAL,2023-10-17
UAL,2024-01-22
UAL,2024-04-16
UAL,2024-07-17
UAL,2024-10-15
VST,2020-02-28
VST,2020-05-05
VST,2020-08-05
VST,2020-11-04
VST,2021-02-26
VST,2021-05-04
VST,2021-08-05
VST,2021-11-05
VST,2022-02-25
VST,2022-05-06
VST,2022-08-05
VST,2022-11-04
VST,2023-03-01
VST,2023-05-09
VST,2023-08-09
VST,2023-11-07
VST,2024-02-29
VST,2024-05-10
VST,2024-08-09
VST,2024-11-08
WBD,2020-02-27
WBD,2020-05-06
WBD,2020-08-05
WBD,2020-11-05
WBD,2021-02-22
WBD,2021-04-28
WBD,2021-08-03
WBD,2021-11-03
WBD,2022-02-24
WBD,2022-04-26
WBD,2022-08-05
WBD,2022-11-03
WBD,2023-02-22
WBD,2023-05-05
WBD,2023-08-03
WBD,2023-11-08
WBD,2024-02-23
WBD,2024-05-09
WBD,2024-08-07
WBD,2024-11-07
