root,year,month,greek_status
AAPL,2012,6,OK
AAPL,2012,7,OK
AAPL,2012,8,OK
AAPL,2012,9,OK
AAPL,2012,10,OK
AAPL,2012,11,OK
AAPL,2012,12,OK
AAPL,2013,1,OK
AAPL,2013,2,OK
AAPL,2013,3,OK
AAPL,2013,4,OK
AAPL,2013,5,OK
AAPL,2013,6,OK
AAPL,2013,7,OK
AAPL,2013,8,OK
AAPL,2013,9,OK
AAPL,2013,10,OK
AAPL,2013,11,OK
AAPL,2013,12,OK
AAPL,2014,1,OK
AAPL,2014,2,OK
AAPL,2014,3,OK
AAPL,2014,4,OK
AAPL,2014,5,OK
AAPL,2014,6,OK
AAPL,2014,7,OK
AAPL,2014,8,OK
AAPL,2014,9,OK
AAPL,2014,10,OK
AAPL,2014,11,OK
AAPL,2014,12,OK
AAPL,2015,1,OK
AAPL,2015,2,OK
AAPL,2015,3,OK
AAPL,2015,4,OK
AAPL,2015,5,OK
AAPL,2015,6,OK
AAPL,2015,7,OK
AAPL,2015,8,OK
AAPL,2015,9,OK
AAPL,2015,10,OK
AAPL,2015,11,OK
AAPL,2015,12,OK
AAPL,2016,1,OK
AAPL,2016,2,OK
AAPL,2016,3,OK
AAPL,2016,4,OK
AAPL,2016,5,OK
AAPL,2016,6,OK
AAPL,2016,7,OK
AAPL,2016,8,OK
AAPL,2016,9,OK
AAPL,2016,10,OK
AAPL,2016,11,OK
AAPL,2016,12,OK
AAPL,2017,1,OK
AAPL,2017,2,OK
AAPL,2017,3,OK
AAPL,2017,4,OK
AAPL,2017,5,OK
AAPL,2017,6,OK
AAPL,2017,7,OK
AAPL,2017,8,OK
AAPL,2017,9,OK
AAPL,2017,10,OK
AAPL,2017,11,OK
AAPL,2017,12,OK
AAPL,2018,1,OK
AAPL,2018,2,OK
AAPL,2018,3,OK
AAPL,2018,4,OK
AAPL,2018,5,OK
AAPL,2018,6,OK
AAPL,2018,7,OK
AAPL,2018,8,OK
AAPL,2018,9,OK
AAPL,2018,10,OK
AAPL,2018,11,OK
AAPL,2018,12,OK
AAPL,2019,1,OK
AAPL,2019,2,OK
AAPL,2019,3,OK
AAPL,2019,4,OK
AAPL,2019,5,OK
AAPL,2019,6,OK
AAPL,2019,7,OK
AAPL,2019,8,OK
AAPL,2019,9,OK
AAPL,2019,10,OK
AAPL,2019,11,OK
AAPL,2019,12,OK
AAPL,2020,1,OK
AAPL,2020,2,OK
AAPL,2020,3,OK
AAPL,2020,4,OK
AAPL,2020,5,OK
AAPL,2020,6,OK
AAPL,2020,7,OK
AAPL,2020,8,OK
AAPL,2020,9,OK
AAPL,2020,10,OK
AAPL,2020,11,OK
AAPL,2020,12,OK
AAPL,2021,1,OK
AAPL,2021,2,OK
AAPL,2021,3,OK
AAPL,2021,4,OK
AAPL,2021,5,OK
AAPL,2021,6,OK
AAPL,2021,7,OK
AAPL,2021,8,OK
AAPL,2021,9,OK
AAPL,2021,10,OK
AAPL,2021,11,OK
AAPL,2021,12,OK
AAPL,2022,1,OK
AAPL,2022,2,OK
AAPL,2022,3,OK
AAPL,2022,4,OK
AAPL,2022,5,OK
AAPL,2022,6,OK
AAPL,2022,7,OK
AAPL,2022,8,OK
AAPL,2022,9,OK
AAPL,2022,10,OK
AAPL,2022,11,OK
AAPL,2022,12,OK
AAPL,2023,1,OK
AAPL,2023,2,OK
AAPL,2023,3,OK
AAPL,2023,4,OK
AAPL,2023,5,OK
AAPL,2023,6,OK
AAPL,2023,7,OK
AAPL,2023,8,OK
AAPL,2023,9,OK
AAPL,2023,10,OK
AAPL,2023,11,OK
AAPL,2023,12,OK
AAPL,2024,1,OK
AAPL,2024,2,OK
AAPL,2024,3,OK
AAPL,2024,4,OK
AAPL,2024,5,OK
AAPL,2024,6,OK
AAPL,2024,7,OK
AAPL,2024,8,OK
AAPL,2024,9,OK
AAPL,2024,10,OK
AAPL,2024,11,OK
AAPL,2024,12,OK
AAPL,2025,1,OK
AAPL,2025,2,OK
AAPL,2025,3,OK
AAPL,2025,4,OK
AAPL,2025,5,OK
AAPL,2025,6,OK
AAPL,2025,7,OK
AAPL,2025,8,OK
AAPL,2025,9,OK
AAPL,2025,10,OK
AAPL,2025,11,OK
AAPL,2025,12,OK
AAPL,2026,1,OK
AAPL,2026,2,OK
AMD,2012,6,NO_COLUMN
AMD,2012,7,NO_COLUMN
AMD,2012,8,NO_COLUMN
AMD,2012,9,NO_COLUMN
AMD,2012,10,NO_COLUMN
AMD,2012,11,NO_COLUMN
AMD,2012,12,ALL_NAN
AMD,2013,1,ALL_NAN
AMD,2013,2,ALL_NAN
AMD,2013,3,ALL_NAN
AMD,2013,4,NO_COLUMN
AMD,2013,5,ALL_NAN
AMD,2013,6,ALL_NAN
AMD,2013,7,ALL_NAN
AMD,2013,8,NO_COLUMN
AMD,2013,9,ALL_NAN
AMD,2013,10,ALL_NAN
AMD,2013,11,NO_COLUMN
AMD,2013,12,ALL_NAN
AMD,2014,1,ALL_NAN
AMD,2014,2,NO_COLUMN
AMD,2014,3,ALL_NAN
AMD,2014,4,NO_COLUMN
AMD,2014,5,ALL_NAN
AMD,2014,6,ALL_NAN
AMD,2014,7,ALL_NAN
AMD,2014,8,ALL_NAN
AMD,2014,9,ALL_NAN
AMD,2014,10,ALL_NAN
AMD,2014,11,ALL_NAN
AMD,2014,12,ALL_NAN
AMD,2015,1,OK
AMD,2015,2,OK
AMD,2015,3,OK
AMD,2015,4,OK
AMD,2015,5,OK
AMD,2015,6,OK
AMD,2015,7,OK
AMD,2015,8,OK
AMD,2015,9,OK
AMD,2015,10,OK
AMD,2015,11,OK
AMD,2015,12,OK
AMD,2016,1,OK
AMD,2016,2,OK
AMD,2016,3,OK
AMD,2016,4,OK
AMD,2016,5,OK
AMD,2016,6,OK
AMD,2016,7,OK
AMD,2016,8,OK
AMD,2016,9,OK
AMD,2016,10,OK
AMD,2016,11,OK
AMD,2016,12,OK
AMD,2017,1,OK
AMD,2017,2,OK
AMD,2017,3,OK
AMD,2017,4,OK
AMD,2017,5,OK
AMD,2017,6,OK
AMD,2017,7,OK
AMD,2017,8,OK
AMD,2017,9,OK
AMD,2017,10,OK
AMD,2017,11,OK
AMD,2017,12,OK
AMD,2018,1,OK
AMD,2018,2,OK
AMD,2018,3,OK
AMD,2018,4,OK
AMD,2018,5,OK
AMD,2018,6,OK
AMD,2018,7,OK
AMD,2018,8,OK
AMD,2018,9,OK
AMD,2018,10,OK
AMD,2018,11,OK
AMD,2018,12,OK
AMD,2019,1,OK
AMD,2019,2,OK
AMD,2019,3,OK
AMD,2019,4,OK
AMD,2019,5,OK
AMD,2019,6,OK
AMD,2019,7,OK
AMD,2019,8,OK
AMD,2019,9,OK
AMD,2019,10,OK
AMD,2019,11,OK
AMD,2019,12,OK
AMD,2020,1,OK
AMD,2020,2,OK
AMD,2020,3,OK
AMD,2020,4,OK
AMD,2020,5,OK
AMD,2020,6,OK
AMD,2020,7,OK
AMD,2020,8,OK
AMD,2020,9,OK
AMD,2020,10,OK
AMD,2020,11,OK
AMD,2020,12,OK
AMD,2021,1,OK
AMD,2021,2,OK
AMD,2021,3,OK
AMD,2021,4,OK
AMD,2021,5,OK
AMD,2021,6,OK
AMD,2021,7,OK
AMD,2021,8,OK
AMD,2021,9,OK
AMD,2021,10,OK
AMD,2021,11,OK
AMD,2021,12,OK
AMD,2022,1,OK
AMD,2022,2,OK
AMD,2022,3,OK
AMD,2022,4,OK
AMD,2022,5,OK
AMD,2022,6,OK
AMD,2022,7,OK
AMD,2022,8,OK
AMD,2022,9,OK
AMD,2022,10,OK
AMD,2022,11,OK
AMD,2022,12,OK
AMD,2023,1,OK
AMD,2023,2,OK
AMD,2023,3,OK
AMD,2023,4,OK
AMD,2023,5,OK
AMD,2023,6,OK
AMD,2023,7,OK
AMD,2023,8,OK
AMD,2023,9,OK
AMD,2023,10,OK
AMD,2023,11,OK
AMD,2023,12,OK
AMD,2024,1,OK
AMD,2024,2,OK
AMD,2024,3,OK
AMD,2024,4,OK
AMD,2024,5,OK
AMD,2024,6,OK
AMD,2024,7,OK
AMD,2024,8,OK
AMD,2024,9,OK
AMD,2024,10,OK
AMD,2024,11,OK
AMD,2024,12,OK
AMD,2025,1,OK
AMD,2025,2,OK
AMD,2025,3,OK
AMD,2025,4,OK
AMD,2025,5,OK
AMD,2025,6,OK
AMD,2025,7,OK
AMD,2025,8,OK
AMD,2025,9,OK
AMD,2025,10,OK
AMD,2025,11,OK
AMD,2025,12,OK
AMD,2026,1,OK
AMD,2026,2,OK
AMZN,2012,6,OK
AMZN,2012,7,OK
AMZN,2012,8,OK
AMZN,2012,9,OK
AMZN,2012,10,OK
AMZN,2012,11,OK
AMZN,2012,12,OK
AMZN,2013,1,OK
AMZN,2013,2,OK
AMZN,2013,3,OK
AMZN,2013,4,OK
AMZN,2013,5,OK
AMZN,2013,6,OK
AMZN,2013,7,OK
AMZN,2013,8,OK
AMZN,2013,9,OK
AMZN,2013,10,OK
AMZN,2013,11,OK
AMZN,2013,12,OK
AMZN,2014,1,OK
AMZN,2014,2,OK
AMZN,2014,3,OK
AMZN,2014,4,OK
AMZN,2014,5,OK
AMZN,2014,6,OK
AMZN,2014,7,OK
AMZN,2014,8,OK
AMZN,2014,9,OK
AMZN,2014,10,OK
AMZN,2014,11,OK
AMZN,2014,12,OK
AMZN,2015,1,OK
AMZN,2015,2,OK
AMZN,2015,3,OK
AMZN,2015,4,OK
AMZN,2015,5,OK
AMZN,2015,6,OK
AMZN,2015,7,OK
AMZN,2015,8,OK
AMZN,2015,9,OK
AMZN,2015,10,OK
AMZN,2015,11,OK
AMZN,2015,12,OK
AMZN,2016,1,OK
AMZN,2016,2,OK
AMZN,2016,3,OK
AMZN,2016,4,OK
AMZN,2016,5,OK
AMZN,2016,6,OK
AMZN,2016,7,OK
AMZN,2016,8,OK
AMZN,2016,9,OK
AMZN,2016,10,OK
AMZN,2016,11,OK
AMZN,2016,12,OK
AMZN,2017,1,OK
AMZN,2017,2,OK
AMZN,2017,3,OK
AMZN,2017,4,OK
AMZN,2017,5,OK
AMZN,2017,6,OK
AMZN,2017,7,OK
AMZN,2017,8,OK
AMZN,2017,9,OK
AMZN,2017,10,OK
AMZN,2017,11,OK
AMZN,2017,12,OK
AMZN,2018,1,OK
AMZN,2018,2,OK
AMZN,2018,3,OK
AMZN,2018,4,OK
AMZN,2018,5,OK
AMZN,2018,6,OK
AMZN,2018,7,OK
AMZN,2018,8,OK
AMZN,2018,9,OK
AMZN,2018,10,OK
AMZN,2018,11,OK
AMZN,2018,12,OK
AMZN,2019,1,OK
AMZN,2019,2,OK
AMZN,2019,3,OK
AMZN,2019,4,OK
AMZN,2019,5,OK
AMZN,2019,6,OK
AMZN,2019,7,OK
AMZN,2019,8,OK
AMZN,2019,9,OK
AMZN,2019,10,OK
AMZN,2019,11,OK
AMZN,2019,12,OK
AMZN,2020,1,OK
AMZN,2020,2,OK
AMZN,2020,3,OK
AMZN,2020,4,OK
AMZN,2020,5,OK
AMZN,2020,6,OK
AMZN,2020,7,OK
AMZN,2020,8,OK
AMZN,2020,9,OK
AMZN,2020,10,OK
AMZN,2020,11,OK
AMZN,2020,12,OK
AMZN,2021,1,OK
AMZN,2021,2,OK
AMZN,2021,3,OK
AMZN,2021,4,OK
AMZN,2021,5,OK
AMZN,2021,6,OK
AMZN,2021,7,OK
AMZN,2021,8,OK
AMZN,2021,9,OK
AMZN,2021,10,OK
AMZN,2021,11,OK
AMZN,2021,12,OK
AMZN,2022,1,OK
AMZN,2022,2,OK
AMZN,2022,3,OK
AMZN,2022,4,OK
AMZN,2022,5,OK
AMZN,2022,6,OK
AMZN,2022,7,OK
AMZN,2022,8,OK
AMZN,2022,9,OK
AMZN,2022,10,OK
AMZN,2022,11,OK
AMZN,2022,12,OK
AMZN,2023,1,OK
AMZN,2023,2,OK
AMZN,2023,3,OK
AMZN,2023,4,OK
AMZN,2023,5,OK
AMZN,2023,6,OK
AMZN,2023,7,OK
AMZN,2023,8,OK
AMZN,2023,9,OK
AMZN,2023,10,OK
AMZN,2023,11,OK
AMZN,2023,12,OK
AMZN,2024,1,OK
AMZN,2024,2,OK
AMZN,2024,3,OK
AMZN,2024,4,OK
AMZN,2024,5,OK
AMZN,2024,6,OK
AMZN,2024,7,OK
AMZN,2024,8,OK
AMZN,2024,9,OK
AMZN,2024,10,OK
AMZN,2024,11,OK
AMZN,2024,12,OK
AMZN,2025,1,OK
AMZN,2025,2,OK
AMZN,2025,3,OK
AMZN,2025,4,OK
AMZN,2025,5,OK
AMZN,2025,6,OK
AMZN,2025,7,OK
AMZN,2025,8,OK
AMZN,2025,9,OK
AMZN,2025,10,OK
AMZN,2025,11,OK
AMZN,2025,12,OK
AMZN,2026,1,OK
AMZN,2026,2,OK
AVGO,2012,6,OK
AVGO,2012,7,OK
AVGO,2012,8,OK
AVGO,2012,9,OK
AVGO,2012,10,OK
AVGO,2012,11,OK
AVGO,2012,12,OK
AVGO,2013,1,OK
AVGO,2013,2,OK
AVGO,2013,3,OK
AVGO,2013,4,OK
AVGO,2013,5,OK
AVGO,2013,6,OK
AVGO,2013,7,OK
AVGO,2013,8,OK
AVGO,2013,9,OK
AVGO,2013,10,OK
AVGO,2013,11,OK
AVGO,2013,12,OK
AVGO,2014,1,OK
AVGO,2014,2,OK
AVGO,2014,3,OK
AVGO,2014,4,OK
AVGO,2014,5,OK
AVGO,2014,6,OK
AVGO,2014,7,OK
AVGO,2014,8,OK
AVGO,2014,9,OK
AVGO,2014,10,OK
AVGO,2014,11,OK
AVGO,2014,12,OK
AVGO,2015,1,OK
AVGO,2015,2,OK
AVGO,2015,3,OK
AVGO,2015,4,OK
AVGO,2015,5,OK
AVGO,2015,6,OK
AVGO,2015,7,OK
AVGO,2015,8,OK
AVGO,2015,9,OK
AVGO,2015,10,OK
AVGO,2015,11,OK
AVGO,2015,12,OK
AVGO,2016,1,OK
AVGO,2016,2,OK
AVGO,2016,3,OK
AVGO,2016,4,OK
AVGO,2016,5,OK
AVGO,2016,6,OK
AVGO,2016,7,OK
AVGO,2016,8,OK
AVGO,2016,9,OK
AVGO,2016,10,OK
AVGO,2016,11,OK
AVGO,2016,12,OK
AVGO,2017,1,OK
AVGO,2017,2,OK
AVGO,2017,3,OK
AVGO,2017,4,OK
AVGO,2017,5,OK
AVGO,2017,6,OK
AVGO,2017,7,OK
AVGO,2017,8,OK
AVGO,2017,9,OK
AVGO,2017,10,OK
AVGO,2017,11,OK
AVGO,2017,12,OK
AVGO,2018,1,OK
AVGO,2018,2,OK
AVGO,2018,3,OK
AVGO,2018,4,OK
AVGO,2018,5,OK
AVGO,2018,6,OK
AVGO,2018,7,OK
AVGO,2018,8,OK
AVGO,2018,9,OK
AVGO,2018,10,OK
AVGO,2018,11,OK
AVGO,2018,12,OK
AVGO,2019,1,OK
AVGO,2019,2,OK
AVGO,2019,3,OK
AVGO,2019,4,OK
AVGO,2019,5,OK
AVGO,2019,6,OK
AVGO,2019,7,OK
AVGO,2019,8,OK
AVGO,2019,9,OK
AVGO,2019,10,OK
AVGO,2019,11,OK
AVGO,2019,12,OK
AVGO,2020,1,OK
AVGO,2020,2,OK
AVGO,2020,3,OK
AVGO,2020,4,OK
AVGO,2020,5,PARTIAL_NAN
AVGO,2020,6,OK
AVGO,2020,7,OK
AVGO,2020,8,OK
AVGO,2020,9,OK
AVGO,2020,10,OK
AVGO,2020,11,OK
AVGO,2020,12,OK
AVGO,2021,1,OK
AVGO,2021,2,OK
AVGO,2021,3,OK
AVGO,2021,4,OK
AVGO,2021,5,OK
AVGO,2021,6,OK
AVGO,2021,7,OK
AVGO,2021,8,OK
AVGO,2021,9,OK
AVGO,2021,10,OK
AVGO,2021,11,OK
AVGO,2021,12,OK
AVGO,2022,1,OK
AVGO,2022,2,OK
AVGO,2022,3,OK
AVGO,2022,4,OK
AVGO,2022,5,OK
AVGO,2022,6,OK
AVGO,2022,7,OK
AVGO,2022,8,OK
AVGO,2022,9,OK
AVGO,2022,10,OK
AVGO,2022,11,OK
AVGO,2022,12,OK
AVGO,2023,1,OK
AVGO,2023,2,OK
AVGO,2023,3,OK
AVGO,2023,4,OK
AVGO,2023,5,OK
AVGO,2023,6,OK
AVGO,2023,7,OK
AVGO,2023,8,OK
AVGO,2023,9,OK
AVGO,2023,10,OK
AVGO,2023,11,OK
AVGO,2023,12,OK
AVGO,2024,1,OK
AVGO,2024,2,OK
AVGO,2024,3,OK
AVGO,2024,4,OK
AVGO,2024,5,OK
AVGO,2024,6,OK
AVGO,2024,8,OK
AVGO,2024,9,OK
AVGO,2024,10,OK
AVGO,2024,11,OK
AVGO,2024,12,OK
AVGO,2025,1,OK
AVGO,2025,2,OK
AVGO,2025,3,OK
AVGO,2025,4,OK
AVGO,2025,5,OK
AVGO,2025,6,OK
AVGO,2025,7,OK
AVGO,2025,8,OK
AVGO,2025,9,OK
AVGO,2025,10,OK
AVGO,2025,11,OK
AVGO,2025,12,OK
AVGO,2026,1,OK
AVGO,2026,2,OK
COIN,2021,4,OK
COIN,2021,5,OK
COIN,2021,6,OK
COIN,2021,7,OK
COIN,2021,8,OK
COIN,2021,9,OK
COIN,2021,10,OK
COIN,2021,11,OK
COIN,2021,12,OK
COIN,2022,1,ALL_NAN
COIN,2022,2,OK
COIN,2022,3,OK
COIN,2022,4,OK
COIN,2022,5,OK
COIN,2022,6,OK
COIN,2022,7,OK
COIN,2022,8,OK
COIN,2022,9,OK
COIN,2022,10,OK
COIN,2022,11,OK
COIN,2022,12,OK
COIN,2023,1,OK
COIN,2023,2,OK
COIN,2023,3,OK
COIN,2023,4,OK
COIN,2023,5,OK
COIN,2023,6,OK
COIN,2023,7,OK
COIN,2023,8,OK
COIN,2023,9,OK
COIN,2023,10,OK
COIN,2023,11,OK
COIN,2023,12,OK
COIN,2024,1,OK
COIN,2024,2,OK
COIN,2024,3,OK
COIN,2024,4,OK
COIN,2024,5,OK
COIN,2024,6,OK
COIN,2024,7,OK
COIN,2024,8,OK
COIN,2024,9,OK
COIN,2024,10,OK
COIN,2024,11,OK
COIN,2024,12,OK
COIN,2025,1,OK
COIN,2025,2,OK
COIN,2025,3,OK
COIN,2025,4,OK
COIN,2025,5,OK
COIN,2025,6,OK
COIN,2025,7,OK
COIN,2025,8,OK
COIN,2025,9,OK
COIN,2025,10,OK
COIN,2025,11,OK
COIN,2025,12,OK
COIN,2026,1,OK
COIN,2026,2,OK
DIA,2012,6,NO_COLUMN
DIA,2012,7,ALL_NAN
DIA,2012,8,ALL_NAN
DIA,2012,9,NO_COLUMN
DIA,2012,10,NO_COLUMN
DIA,2012,11,ALL_NAN
DIA,2012,12,NO_COLUMN
DIA,2013,1,ALL_NAN
DIA,2013,2,NO_COLUMN
DIA,2013,3,NO_COLUMN
DIA,2013,4,ALL_NAN
DIA,2013,5,ALL_NAN
DIA,2013,6,ALL_NAN
DIA,2013,7,ALL_NAN
DIA,2013,8,ALL_NAN
DIA,2013,9,ALL_NAN
DIA,2013,10,ALL_NAN
DIA,2013,11,NO_COLUMN
DIA,2013,12,NO_COLUMN
DIA,2014,1,NO_COLUMN
DIA,2014,2,ALL_NAN
DIA,2014,3,ALL_NAN
DIA,2014,4,ALL_NAN
DIA,2014,5,ALL_NAN
DIA,2014,6,ALL_NAN
DIA,2014,7,ALL_NAN
DIA,2014,8,ALL_NAN
DIA,2014,9,ALL_NAN
DIA,2014,10,NO_COLUMN
DIA,2014,11,ALL_NAN
DIA,2014,12,ALL_NAN
DIA,2015,1,NO_COLUMN
DIA,2015,2,NO_COLUMN
DIA,2015,3,ALL_NAN
DIA,2015,4,NO_COLUMN
DIA,2015,5,ALL_NAN
DIA,2015,6,NO_COLUMN
DIA,2015,7,ALL_NAN
DIA,2015,8,NO_COLUMN
DIA,2015,9,ALL_NAN
DIA,2015,10,ALL_NAN
DIA,2015,11,ALL_NAN
DIA,2015,12,ALL_NAN
DIA,2016,1,ALL_NAN
DIA,2016,2,ALL_NAN
DIA,2016,3,NO_COLUMN
DIA,2016,4,NO_COLUMN
DIA,2016,5,ALL_NAN
DIA,2016,6,ALL_NAN
DIA,2016,7,ALL_NAN
DIA,2016,8,ALL_NAN
DIA,2016,9,ALL_NAN
DIA,2016,10,NO_COLUMN
DIA,2016,11,ALL_NAN
DIA,2016,12,ALL_NAN
DIA,2017,1,OK
DIA,2017,2,OK
DIA,2017,3,OK
DIA,2017,4,OK
DIA,2017,5,OK
DIA,2017,6,OK
DIA,2017,7,OK
DIA,2017,8,OK
DIA,2017,9,OK
DIA,2017,10,OK
DIA,2017,11,OK
DIA,2017,12,OK
DIA,2018,1,OK
DIA,2018,2,OK
DIA,2018,3,OK
DIA,2018,4,OK
DIA,2018,5,OK
DIA,2018,6,OK
DIA,2018,7,OK
DIA,2018,8,OK
DIA,2018,9,OK
DIA,2018,10,OK
DIA,2018,11,OK
DIA,2018,12,OK
DIA,2019,1,OK
DIA,2019,2,OK
DIA,2019,3,OK
DIA,2019,4,OK
DIA,2019,5,OK
DIA,2019,6,OK
DIA,2019,7,OK
DIA,2019,8,OK
DIA,2019,9,OK
DIA,2019,10,OK
DIA,2019,11,OK
DIA,2019,12,OK
DIA,2020,1,OK
DIA,2020,2,OK
DIA,2020,3,OK
DIA,2020,4,OK
DIA,2020,5,OK
DIA,2020,6,OK
DIA,2020,7,OK
DIA,2020,8,OK
DIA,2020,9,OK
DIA,2020,10,OK
DIA,2020,11,OK
DIA,2020,12,OK
DIA,2021,1,OK
DIA,2021,2,OK
DIA,2021,3,OK
DIA,2021,4,OK
DIA,2021,5,OK
DIA,2021,6,OK
DIA,2021,7,OK
DIA,2021,8,OK
DIA,2021,9,OK
DIA,2021,10,OK
DIA,2021,11,OK
DIA,2021,12,OK
DIA,2022,1,ALL_NAN
DIA,2022,2,OK
DIA,2022,3,OK
DIA,2022,4,OK
DIA,2022,5,OK
DIA,2022,6,OK
DIA,2022,7,OK
DIA,2022,8,OK
DIA,2022,9,OK
DIA,2022,10,OK
DIA,2022,11,OK
DIA,2022,12,OK
DIA,2023,1,OK
DIA,2023,2,OK
DIA,2023,3,OK
DIA,2023,4,OK
DIA,2023,5,OK
DIA,2023,6,OK
DIA,2023,7,OK
DIA,2023,8,OK
DIA,2023,9,OK
DIA,2023,10,OK
DIA,2023,11,OK
DIA,2023,12,OK
DIA,2024,1,OK
DIA,2024,2,OK
DIA,2024,3,OK
DIA,2024,4,OK
DIA,2024,5,OK
DIA,2024,6,OK
DIA,2024,7,OK
DIA,2024,8,OK
DIA,2024,9,OK
DIA,2024,10,OK
DIA,2024,11,OK
DIA,2024,12,OK
DIA,2025,1,OK
DIA,2025,2,OK
DIA,2025,3,OK
DIA,2025,4,OK
DIA,2025,5,OK
DIA,2025,6,OK
DIA,2025,7,OK
DIA,2025,8,OK
DIA,2025,9,OK
DIA,2025,10,OK
DIA,2025,11,OK
DIA,2025,12,OK
DIA,2026,1,OK
DIA,2026,2,OK
EEM,2012,6,NO_COLUMN
EEM,2012,7,ALL_NAN
EEM,2012,8,NO_COLUMN
EEM,2012,9,ALL_NAN
EEM,2012,10,NO_COLUMN
EEM,2012,11,NO_COLUMN
EEM,2012,12,NO_COLUMN
EEM,2013,1,NO_COLUMN
EEM,2013,2,NO_COLUMN
EEM,2013,3,NO_COLUMN
EEM,2013,4,ALL_NAN
EEM,2013,5,ALL_NAN
EEM,2013,6,ALL_NAN
EEM,2013,7,NO_COLUMN
EEM,2013,8,NO_COLUMN
EEM,2013,9,NO_COLUMN
EEM,2013,10,ALL_NAN
EEM,2013,11,ALL_NAN
EEM,2013,12,ALL_NAN
EEM,2014,1,ALL_NAN
EEM,2014,2,NO_COLUMN
EEM,2014,3,ALL_NAN
EEM,2014,4,ALL_NAN
EEM,2014,5,ALL_NAN
EEM,2014,6,ALL_NAN
EEM,2014,7,ALL_NAN
EEM,2014,8,ALL_NAN
EEM,2014,9,ALL_NAN
EEM,2014,10,ALL_NAN
EEM,2014,11,NO_COLUMN
EEM,2014,12,NO_COLUMN
EEM,2015,1,NO_COLUMN
EEM,2015,2,NO_COLUMN
EEM,2015,3,NO_COLUMN
EEM,2015,4,ALL_NAN
EEM,2015,5,ALL_NAN
EEM,2015,6,NO_COLUMN
EEM,2015,7,ALL_NAN
EEM,2015,8,ALL_NAN
EEM,2015,9,ALL_NAN
EEM,2015,10,NO_COLUMN
EEM,2015,11,ALL_NAN
EEM,2015,12,NO_COLUMN
EEM,2016,1,ALL_NAN
EEM,2016,2,NO_COLUMN
EEM,2016,3,NO_COLUMN
EEM,2016,4,NO_COLUMN
EEM,2016,5,ALL_NAN
EEM,2016,6,NO_COLUMN
EEM,2016,7,ALL_NAN
EEM,2016,8,NO_COLUMN
EEM,2016,9,ALL_NAN
EEM,2016,10,ALL_NAN
EEM,2016,11,ALL_NAN
EEM,2016,12,ALL_NAN
EEM,2017,1,OK
EEM,2017,2,OK
EEM,2017,3,OK
EEM,2017,4,OK
EEM,2017,5,OK
EEM,2017,6,OK
EEM,2017,7,OK
EEM,2017,8,OK
EEM,2017,9,OK
EEM,2017,10,OK
EEM,2017,11,OK
EEM,2017,12,OK
EEM,2018,1,OK
EEM,2018,2,OK
EEM,2018,3,OK
EEM,2018,4,OK
EEM,2018,5,OK
EEM,2018,6,OK
EEM,2018,7,OK
EEM,2018,8,OK
EEM,2018,9,OK
EEM,2018,10,OK
EEM,2018,11,OK
EEM,2018,12,OK
EEM,2019,1,OK
EEM,2019,2,OK
EEM,2019,3,OK
EEM,2019,4,OK
EEM,2019,5,OK
EEM,2019,6,OK
EEM,2019,7,OK
EEM,2019,8,OK
EEM,2019,9,OK
EEM,2019,10,OK
EEM,2019,11,OK
EEM,2019,12,OK
EEM,2020,1,OK
EEM,2020,2,OK
EEM,2020,3,OK
EEM,2020,4,OK
EEM,2020,5,OK
EEM,2020,6,OK
EEM,2020,7,OK
EEM,2020,8,OK
EEM,2020,9,OK
EEM,2020,10,OK
EEM,2020,11,OK
EEM,2020,12,OK
EEM,2021,1,OK
EEM,2021,2,OK
EEM,2021,3,OK
EEM,2021,4,OK
EEM,2021,5,OK
EEM,2021,6,OK
EEM,2021,7,OK
EEM,2021,8,OK
EEM,2021,9,OK
EEM,2021,10,OK
EEM,2021,11,OK
EEM,2021,12,OK
EEM,2022,1,OK
EEM,2022,2,OK
EEM,2022,3,OK
EEM,2022,4,OK
EEM,2022,5,OK
EEM,2022,6,OK
EEM,2022,7,OK
EEM,2022,8,OK
EEM,2022,9,OK
EEM,2022,10,OK
EEM,2022,11,OK
EEM,2022,12,OK
EEM,2023,1,OK
EEM,2023,2,OK
EEM,2023,3,OK
EEM,2023,4,OK
EEM,2023,5,OK
EEM,2023,6,OK
EEM,2023,7,OK
EEM,2023,8,OK
EEM,2023,9,OK
EEM,2023,10,OK
EEM,2023,11,OK
EEM,2023,12,OK
EEM,2024,1,OK
EEM,2024,2,OK
EEM,2024,3,OK
EEM,2024,4,OK
EEM,2024,5,OK
EEM,2024,6,OK
EEM,2024,7,OK
EEM,2024,8,OK
EEM,2024,9,OK
EEM,2024,10,OK
EEM,2024,11,OK
EEM,2024,12,OK
EEM,2025,1,OK
EEM,2025,2,OK
EEM,2025,3,OK
EEM,2025,4,OK
EEM,2025,5,OK
EEM,2025,6,OK
EEM,2025,7,OK
EEM,2025,8,OK
EEM,2025,9,OK
EEM,2025,10,OK
EEM,2025,11,OK
EEM,2025,12,OK
EEM,2026,1,OK
EEM,2026,2,OK
FB,2017,1,OK
FB,2017,2,OK
FB,2017,3,OK
FB,2017,4,OK
FB,2017,5,OK
FB,2017,6,OK
FB,2017,7,OK
FB,2017,8,OK
FB,2017,9,OK
FB,2017,10,OK
FB,2017,11,OK
FB,2017,12,OK
FB,2018,1,OK
FB,2018,2,OK
FB,2018,3,OK
FB,2018,4,OK
FB,2018,5,OK
FB,2018,6,OK
FB,2018,7,OK
FB,2018,8,OK
FB,2018,9,OK
FB,2018,10,OK
FB,2018,11,OK
FB,2018,12,OK
FB,2019,1,OK
FB,2019,2,OK
FB,2019,3,OK
FB,2019,4,OK
FB,2019,5,OK
FB,2019,6,OK
FB,2019,7,OK
FB,2019,8,OK
FB,2019,9,OK
FB,2019,10,OK
FB,2019,11,OK
FB,2019,12,OK
FB,2020,1,OK
FB,2020,2,OK
FB,2020,3,OK
FB,2020,4,OK
FB,2020,5,PARTIAL_NAN
FB,2020,6,OK
FB,2020,7,OK
FB,2020,8,OK
FB,2020,9,OK
FB,2020,10,OK
FB,2020,11,OK
FB,2020,12,OK
FB,2021,1,OK
FB,2021,2,OK
FB,2021,3,OK
FB,2021,4,OK
FB,2021,5,OK
FB,2021,6,OK
FB,2021,7,OK
FB,2021,8,OK
FB,2021,9,OK
FB,2021,10,OK
FXI,2012,6,NO_COLUMN
FXI,2012,7,NO_COLUMN
FXI,2012,8,NO_COLUMN
FXI,2012,9,NO_COLUMN
FXI,2012,10,NO_COLUMN
FXI,2012,11,NO_COLUMN
FXI,2012,12,ALL_NAN
FXI,2013,1,ALL_NAN
FXI,2013,2,ALL_NAN
FXI,2013,3,NO_COLUMN
FXI,2013,4,NO_COLUMN
FXI,2013,5,ALL_NAN
FXI,2013,6,NO_COLUMN
FXI,2013,7,ALL_NAN
FXI,2013,8,ALL_NAN
FXI,2013,9,NO_COLUMN
FXI,2013,10,NO_COLUMN
FXI,2013,11,ALL_NAN
FXI,2013,12,ALL_NAN
FXI,2014,1,NO_COLUMN
FXI,2014,2,ALL_NAN
FXI,2014,3,ALL_NAN
FXI,2014,4,ALL_NAN
FXI,2014,5,ALL_NAN
FXI,2014,6,ALL_NAN
FXI,2014,7,NO_COLUMN
FXI,2014,8,NO_COLUMN
FXI,2014,9,ALL_NAN
FXI,2014,10,ALL_NAN
FXI,2014,11,ALL_NAN
FXI,2014,12,NO_COLUMN
FXI,2015,1,NO_COLUMN
FXI,2015,2,ALL_NAN
FXI,2015,3,ALL_NAN
FXI,2015,4,ALL_NAN
FXI,2015,5,NO_COLUMN
FXI,2015,6,ALL_NAN
FXI,2015,7,ALL_NAN
FXI,2015,8,ALL_NAN
FXI,2015,9,NO_COLUMN
FXI,2015,10,ALL_NAN
FXI,2015,11,ALL_NAN
FXI,2015,12,NO_COLUMN
FXI,2016,1,NO_COLUMN
FXI,2016,2,NO_COLUMN
FXI,2016,3,NO_COLUMN
FXI,2016,4,ALL_NAN
FXI,2016,5,ALL_NAN
FXI,2016,6,ALL_NAN
FXI,2016,7,ALL_NAN
FXI,2016,8,ALL_NAN
FXI,2016,9,ALL_NAN
FXI,2016,10,ALL_NAN
FXI,2016,11,ALL_NAN
FXI,2016,12,ALL_NAN
FXI,2017,1,OK
FXI,2017,2,OK
FXI,2017,3,OK
FXI,2017,4,OK
FXI,2017,5,OK
FXI,2017,6,OK
FXI,2017,7,OK
FXI,2017,8,OK
FXI,2017,9,OK
FXI,2017,10,OK
FXI,2017,11,OK
FXI,2017,12,OK
FXI,2018,1,OK
FXI,2018,2,OK
FXI,2018,3,OK
FXI,2018,4,OK
FXI,2018,5,OK
FXI,2018,6,OK
FXI,2018,7,OK
FXI,2018,8,OK
FXI,2018,9,OK
FXI,2018,10,OK
FXI,2018,11,OK
FXI,2018,12,OK
FXI,2019,1,OK
FXI,2019,2,OK
FXI,2019,3,OK
FXI,2019,4,OK
FXI,2019,5,OK
FXI,2019,6,OK
FXI,2019,7,OK
FXI,2019,8,OK
FXI,2019,9,OK
FXI,2019,10,OK
FXI,2019,11,OK
FXI,2019,12,OK
FXI,2020,1,OK
FXI,2020,2,OK
FXI,2020,3,OK
FXI,2020,4,OK
FXI,2020,5,OK
FXI,2020,6,OK
FXI,2020,7,OK
FXI,2020,8,OK
FXI,2020,9,OK
FXI,2020,10,OK
FXI,2020,11,OK
FXI,2020,12,OK
FXI,2021,1,OK
FXI,2021,2,OK
FXI,2021,3,OK
FXI,2021,4,OK
FXI,2021,5,OK
FXI,2021,6,OK
FXI,2021,7,OK
FXI,2021,8,OK
FXI,2021,9,OK
FXI,2021,10,OK
FXI,2021,11,OK
FXI,2021,12,OK
FXI,2022,1,OK
FXI,2022,2,OK
FXI,2022,3,OK
FXI,2022,4,OK
FXI,2022,5,OK
FXI,2022,6,OK
FXI,2022,7,OK
FXI,2022,8,OK
FXI,2022,9,OK
FXI,2022,10,OK
FXI,2022,11,OK
FXI,2022,12,OK
FXI,2023,1,OK
FXI,2023,2,OK
FXI,2023,3,OK
FXI,2023,4,OK
FXI,2023,5,OK
FXI,2023,6,OK
FXI,2023,7,OK
FXI,2023,8,OK
FXI,2023,9,OK
FXI,2023,10,OK
FXI,2023,11,OK
FXI,2023,12,OK
FXI,2024,1,OK
FXI,2024,2,OK
FXI,2024,3,OK
FXI,2024,4,OK
FXI,2024,5,OK
FXI,2024,6,OK
FXI,2024,7,OK
FXI,2024,8,OK
FXI,2024,9,OK
FXI,2024,10,OK
FXI,2024,11,OK
FXI,2024,12,OK
FXI,2025,1,OK
FXI,2025,2,OK
FXI,2025,3,OK
FXI,2025,4,OK
FXI,2025,5,OK
FXI,2025,6,OK
FXI,2025,7,OK
FXI,2025,8,OK
FXI,2025,9,OK
FXI,2025,10,OK
FXI,2025,11,OK
FXI,2025,12,OK
FXI,2026,1,OK
FXI,2026,2,OK
GLD,2012,6,NO_COLUMN
GLD,2012,7,NO_COLUMN
GLD,2012,8,NO_COLUMN
GLD,2012,9,ALL_NAN
GLD,2012,10,ALL_NAN
GLD,2012,11,ALL_NAN
GLD,2012,12,NO_COLUMN
GLD,2013,1,NO_COLUMN
GLD,2013,2,NO_COLUMN
GLD,2013,3,NO_COLUMN
GLD,2013,4,NO_COLUMN
GLD,2013,5,NO_COLUMN
GLD,2013,6,NO_COLUMN
GLD,2013,7,ALL_NAN
GLD,2013,8,ALL_NAN
GLD,2013,9,ALL_NAN
GLD,2013,10,ALL_NAN
GLD,2013,11,ALL_NAN
GLD,2013,12,NO_COLUMN
GLD,2014,1,NO_COLUMN
GLD,2014,2,NO_COLUMN
GLD,2014,3,NO_COLUMN
GLD,2014,4,ALL_NAN
GLD,2014,5,ALL_NAN
GLD,2014,6,ALL_NAN
GLD,2014,7,NO_COLUMN
GLD,2014,8,ALL_NAN
GLD,2014,9,ALL_NAN
GLD,2014,10,ALL_NAN
GLD,2014,11,NO_COLUMN
GLD,2014,12,NO_COLUMN
GLD,2015,1,NO_COLUMN
GLD,2015,2,NO_COLUMN
GLD,2015,3,NO_COLUMN
GLD,2015,4,NO_COLUMN
GLD,2015,5,ALL_NAN
GLD,2015,6,ALL_NAN
GLD,2015,7,ALL_NAN
GLD,2015,8,NO_COLUMN
GLD,2015,9,ALL_NAN
GLD,2015,10,ALL_NAN
GLD,2015,11,ALL_NAN
GLD,2015,12,NO_COLUMN
GLD,2016,1,NO_COLUMN
GLD,2016,2,NO_COLUMN
GLD,2016,3,ALL_NAN
GLD,2016,4,ALL_NAN
GLD,2016,5,NO_COLUMN
GLD,2016,6,ALL_NAN
GLD,2016,7,ALL_NAN
GLD,2016,8,ALL_NAN
GLD,2016,9,ALL_NAN
GLD,2016,10,ALL_NAN
GLD,2016,11,ALL_NAN
GLD,2016,12,ALL_NAN
GLD,2017,1,OK
GLD,2017,2,OK
GLD,2017,3,OK
GLD,2017,4,OK
GLD,2017,5,OK
GLD,2017,6,OK
GLD,2017,7,OK
GLD,2017,8,OK
GLD,2017,9,OK
GLD,2017,10,OK
GLD,2017,11,OK
GLD,2017,12,OK
GLD,2018,1,OK
GLD,2018,2,OK
GLD,2018,3,OK
GLD,2018,4,OK
GLD,2018,5,OK
GLD,2018,6,OK
GLD,2018,7,OK
GLD,2018,8,OK
GLD,2018,9,OK
GLD,2018,10,OK
GLD,2018,11,OK
GLD,2018,12,OK
GLD,2019,1,OK
GLD,2019,2,OK
GLD,2019,3,OK
GLD,2019,4,OK
GLD,2019,5,OK
GLD,2019,6,OK
GLD,2019,7,OK
GLD,2019,8,OK
GLD,2019,9,OK
GLD,2019,10,OK
GLD,2019,11,OK
GLD,2019,12,OK
GLD,2020,1,OK
GLD,2020,2,OK
GLD,2020,3,OK
GLD,2020,4,OK
GLD,2020,5,OK
GLD,2020,6,OK
GLD,2020,7,OK
GLD,2020,8,OK
GLD,2020,9,OK
GLD,2020,10,OK
GLD,2020,11,OK
GLD,2020,12,OK
GLD,2021,1,OK
GLD,2021,2,OK
GLD,2021,3,OK
GLD,2021,4,OK
GLD,2021,5,OK
GLD,2021,6,OK
GLD,2021,7,OK
GLD,2021,8,OK
GLD,2021,9,OK
GLD,2021,10,OK
GLD,2021,11,OK
GLD,2021,12,OK
GLD,2022,1,OK
GLD,2022,2,OK
GLD,2022,3,OK
GLD,2022,4,OK
GLD,2022,5,OK
GLD,2022,6,OK
GLD,2022,7,OK
GLD,2022,8,OK
GLD,2022,9,OK
GLD,2022,10,OK
GLD,2022,11,OK
GLD,2022,12,OK
GLD,2023,1,OK
GLD,2023,2,OK
GLD,2023,3,OK
GLD,2023,4,OK
GLD,2023,5,OK
GLD,2023,6,OK
GLD,2023,7,OK
GLD,2023,8,OK
GLD,2023,9,OK
GLD,2023,10,OK
GLD,2023,11,OK
GLD,2023,12,OK
GLD,2024,1,OK
GLD,2024,2,OK
GLD,2024,3,OK
GLD,2024,4,OK
GLD,2024,5,OK
GLD,2024,6,OK
GLD,2024,7,OK
GLD,2024,8,OK
GLD,2024,9,OK
GLD,2024,10,OK
GLD,2024,11,OK
GLD,2024,12,OK
GLD,2025,1,OK
GLD,2025,2,OK
GLD,2025,3,OK
GLD,2025,4,OK
GLD,2025,5,OK
GLD,2025,6,OK
GLD,2025,7,OK
GLD,2025,8,OK
GLD,2025,9,OK
GLD,2025,10,OK
GLD,2025,11,OK
GLD,2025,12,OK
GLD,2026,1,OK
GLD,2026,2,OK
GOOGL,2014,4,OK
GOOGL,2014,5,OK
GOOGL,2014,6,OK
GOOGL,2014,7,OK
GOOGL,2014,8,OK
GOOGL,2014,9,OK
GOOGL,2014,10,OK
GOOGL,2014,11,OK
GOOGL,2014,12,OK
GOOGL,2015,1,OK
GOOGL,2015,2,OK
GOOGL,2015,3,OK
GOOGL,2015,4,OK
GOOGL,2015,5,OK
GOOGL,2015,6,OK
GOOGL,2015,7,OK
GOOGL,2015,8,OK
GOOGL,2015,9,OK
GOOGL,2015,10,OK
GOOGL,2015,11,OK
GOOGL,2015,12,OK
GOOGL,2016,1,OK
GOOGL,2016,2,OK
GOOGL,2016,3,OK
GOOGL,2016,4,OK
GOOGL,2016,5,OK
GOOGL,2016,6,OK
GOOGL,2016,7,OK
GOOGL,2016,8,OK
GOOGL,2016,9,OK
GOOGL,2016,10,OK
GOOGL,2016,11,OK
GOOGL,2016,12,OK
GOOGL,2017,1,OK
GOOGL,2017,2,OK
GOOGL,2017,3,OK
GOOGL,2017,4,OK
GOOGL,2017,5,OK
GOOGL,2017,6,OK
GOOGL,2017,7,OK
GOOGL,2017,8,OK
GOOGL,2017,9,OK
GOOGL,2017,10,OK
GOOGL,2017,11,OK
GOOGL,2017,12,OK
GOOGL,2018,1,OK
GOOGL,2018,2,OK
GOOGL,2018,3,OK
GOOGL,2018,4,OK
GOOGL,2018,5,OK
GOOGL,2018,6,OK
GOOGL,2018,7,OK
GOOGL,2018,8,OK
GOOGL,2018,9,OK
GOOGL,2018,10,OK
GOOGL,2018,11,OK
GOOGL,2018,12,OK
GOOGL,2019,1,OK
GOOGL,2019,2,OK
GOOGL,2019,3,OK
GOOGL,2019,4,OK
GOOGL,2019,5,OK
GOOGL,2019,6,OK
GOOGL,2019,7,OK
GOOGL,2019,8,OK
GOOGL,2019,9,OK
GOOGL,2019,10,OK
GOOGL,2019,11,OK
GOOGL,2019,12,OK
GOOGL,2020,1,OK
GOOGL,2020,2,OK
GOOGL,2020,3,OK
GOOGL,2020,4,OK
GOOGL,2020,5,PARTIAL_NAN
GOOGL,2020,6,OK
GOOGL,2020,7,OK
GOOGL,2020,8,OK
GOOGL,2020,9,OK
GOOGL,2020,10,OK
GOOGL,2020,11,OK
GOOGL,2020,12,OK
GOOGL,2021,1,OK
GOOGL,2021,2,OK
GOOGL,2021,3,OK
GOOGL,2021,4,OK
GOOGL,2021,5,OK
GOOGL,2021,6,OK
GOOGL,2021,7,OK
GOOGL,2021,8,OK
GOOGL,2021,9,OK
GOOGL,2021,10,OK
GOOGL,2021,11,OK
GOOGL,2021,12,OK
GOOGL,2022,1,ALL_NAN
GOOGL,2022,2,OK
GOOGL,2022,3,OK
GOOGL,2022,4,OK
GOOGL,2022,5,OK
GOOGL,2022,6,OK
GOOGL,2022,7,OK
GOOGL,2022,8,OK
GOOGL,2022,9,OK
GOOGL,2022,10,OK
GOOGL,2022,11,OK
GOOGL,2022,12,OK
GOOGL,2023,1,OK
GOOGL,2023,2,OK
GOOGL,2023,3,OK
GOOGL,2023,4,OK
GOOGL,2023,5,OK
GOOGL,2023,6,OK
GOOGL,2023,7,OK
GOOGL,2023,8,OK
GOOGL,2023,9,OK
GOOGL,2023,10,OK
GOOGL,2023,11,OK
GOOGL,2023,12,OK
GOOGL,2024,1,OK
GOOGL,2024,2,OK
GOOGL,2024,3,OK
GOOGL,2024,4,OK
GOOGL,2024,5,OK
GOOGL,2024,6,OK
GOOGL,2024,7,OK
GOOGL,2024,8,OK
GOOGL,2024,9,OK
GOOGL,2024,10,OK
GOOGL,2024,11,OK
GOOGL,2024,12,OK
GOOGL,2025,1,OK
GOOGL,2025,2,OK
GOOGL,2025,3,OK
GOOGL,2025,4,OK
GOOGL,2025,5,OK
GOOGL,2025,6,OK
GOOGL,2025,7,OK
GOOGL,2025,8,OK
GOOGL,2025,9,OK
GOOGL,2025,10,OK
GOOGL,2025,11,OK
GOOGL,2025,12,OK
GOOGL,2026,1,OK
GOOGL,2026,2,OK
IBIT,2024,11,OK
IBIT,2024,12,OK
IBIT,2025,1,OK
IBIT,2025,2,OK
IBIT,2025,3,OK
IBIT,2025,4,OK
IBIT,2025,5,OK
IBIT,2025,6,OK
IBIT,2025,7,OK
IBIT,2025,8,OK
IBIT,2025,9,OK
IBIT,2025,10,OK
IBIT,2025,11,OK
IBIT,2025,12,OK
IBIT,2026,1,OK
IBIT,2026,2,OK
IWM,2012,6,NO_COLUMN
IWM,2012,7,NO_COLUMN
IWM,2012,8,NO_COLUMN
IWM,2012,9,NO_COLUMN
IWM,2012,10,ALL_NAN
IWM,2012,11,NO_COLUMN
IWM,2012,12,NO_COLUMN
IWM,2013,1,NO_COLUMN
IWM,2013,2,ALL_NAN
IWM,2013,3,NO_COLUMN
IWM,2013,4,ALL_NAN
IWM,2013,5,ALL_NAN
IWM,2013,6,ALL_NAN
IWM,2013,7,ALL_NAN
IWM,2013,8,NO_COLUMN
IWM,2013,9,ALL_NAN
IWM,2013,10,NO_COLUMN
IWM,2013,11,ALL_NAN
IWM,2013,12,NO_COLUMN
IWM,2014,1,NO_COLUMN
IWM,2014,2,ALL_NAN
IWM,2014,3,ALL_NAN
IWM,2014,4,ALL_NAN
IWM,2014,5,ALL_NAN
IWM,2014,6,ALL_NAN
IWM,2014,7,ALL_NAN
IWM,2014,8,ALL_NAN
IWM,2014,9,ALL_NAN
IWM,2014,10,ALL_NAN
IWM,2014,11,ALL_NAN
IWM,2014,12,NO_COLUMN
IWM,2015,1,NO_COLUMN
IWM,2015,2,NO_COLUMN
IWM,2015,3,NO_COLUMN
IWM,2015,4,NO_COLUMN
IWM,2015,5,NO_COLUMN
IWM,2015,6,ALL_NAN
IWM,2015,7,NO_COLUMN
IWM,2015,8,NO_COLUMN
IWM,2015,9,NO_COLUMN
IWM,2015,10,ALL_NAN
IWM,2015,11,ALL_NAN
IWM,2015,12,ALL_NAN
IWM,2016,1,NO_COLUMN
IWM,2016,3,NO_COLUMN
IWM,2016,4,ALL_NAN
IWM,2016,5,NO_COLUMN
IWM,2016,6,NO_COLUMN
IWM,2016,7,ALL_NAN
IWM,2016,8,ALL_NAN
IWM,2016,9,NO_COLUMN
IWM,2016,10,ALL_NAN
IWM,2016,11,ALL_NAN
IWM,2016,12,ALL_NAN
IWM,2017,1,OK
IWM,2017,2,OK
IWM,2017,3,OK
IWM,2017,4,OK
IWM,2017,5,OK
IWM,2017,6,OK
IWM,2017,7,OK
IWM,2017,8,OK
IWM,2017,9,OK
IWM,2017,10,OK
IWM,2017,11,OK
IWM,2017,12,OK
IWM,2018,1,OK
IWM,2018,2,OK
IWM,2018,3,OK
IWM,2018,4,OK
IWM,2018,5,OK
IWM,2018,6,OK
IWM,2018,7,OK
IWM,2018,8,OK
IWM,2018,9,OK
IWM,2018,10,OK
IWM,2018,11,OK
IWM,2018,12,OK
IWM,2019,1,OK
IWM,2019,2,OK
IWM,2019,3,OK
IWM,2019,4,OK
IWM,2019,5,OK
IWM,2019,6,OK
IWM,2019,7,OK
IWM,2019,8,OK
IWM,2019,9,OK
IWM,2019,10,OK
IWM,2019,11,OK
IWM,2019,12,OK
IWM,2020,1,OK
IWM,2020,2,OK
IWM,2020,3,OK
IWM,2020,4,OK
IWM,2020,5,OK
IWM,2020,6,OK
IWM,2020,7,OK
IWM,2020,8,OK
IWM,2020,9,OK
IWM,2020,10,OK
IWM,2020,11,OK
IWM,2020,12,OK
IWM,2021,1,OK
IWM,2021,2,OK
IWM,2021,3,OK
IWM,2021,4,OK
IWM,2021,5,OK
IWM,2021,6,OK
IWM,2021,7,OK
IWM,2021,8,OK
IWM,2021,9,OK
IWM,2021,10,OK
IWM,2021,11,OK
IWM,2021,12,OK
IWM,2022,1,OK
IWM,2022,2,OK
IWM,2022,3,OK
IWM,2022,4,OK
IWM,2022,5,OK
IWM,2022,6,OK
IWM,2022,7,OK
IWM,2022,8,OK
IWM,2022,9,OK
IWM,2022,10,OK
IWM,2022,11,OK
IWM,2022,12,OK
IWM,2023,1,OK
IWM,2023,2,OK
IWM,2023,3,OK
IWM,2023,4,OK
IWM,2023,5,OK
IWM,2023,6,OK
IWM,2023,7,OK
IWM,2023,8,OK
IWM,2023,9,OK
IWM,2023,10,OK
IWM,2023,11,OK
IWM,2023,12,OK
IWM,2024,1,OK
IWM,2024,2,OK
IWM,2024,3,OK
IWM,2024,4,OK
IWM,2024,5,OK
IWM,2024,6,OK
IWM,2024,7,OK
IWM,2024,8,OK
IWM,2024,9,OK
IWM,2024,10,OK
IWM,2024,11,OK
IWM,2024,12,OK
IWM,2025,1,OK
IWM,2025,2,OK
IWM,2025,3,OK
IWM,2025,4,OK
IWM,2025,5,OK
IWM,2025,6,OK
IWM,2025,7,OK
IWM,2025,8,OK
IWM,2025,9,OK
IWM,2025,10,OK
IWM,2025,11,OK
IWM,2025,12,OK
IWM,2026,1,OK
IWM,2026,2,OK
META,2021,7,OK
META,2021,8,OK
META,2021,9,OK
META,2021,10,OK
META,2021,11,OK
META,2021,12,OK
META,2022,1,OK
META,2022,6,OK
META,2022,7,OK
META,2022,8,OK
META,2022,9,OK
META,2022,10,OK
META,2022,11,OK
META,2022,12,OK
META,2023,1,OK
META,2023,2,OK
META,2023,3,OK
META,2023,4,OK
META,2023,5,OK
META,2023,6,OK
META,2023,7,OK
META,2023,8,OK
META,2023,9,OK
META,2023,10,OK
META,2023,11,OK
META,2023,12,OK
META,2024,1,OK
META,2024,2,OK
META,2024,3,OK
META,2024,4,OK
META,2024,5,OK
META,2024,6,OK
META,2024,7,OK
META,2024,8,OK
META,2024,9,OK
META,2024,10,OK
META,2024,11,OK
META,2024,12,OK
META,2025,1,OK
META,2025,2,OK
META,2025,3,OK
META,2025,4,OK
META,2025,5,OK
META,2025,6,OK
META,2025,7,OK
META,2025,8,OK
META,2025,9,OK
META,2025,10,OK
META,2025,11,OK
META,2025,12,OK
META,2026,1,OK
META,2026,2,OK
MSFT,2012,6,OK
MSFT,2012,7,OK
MSFT,2012,8,OK
MSFT,2012,9,OK
MSFT,2012,10,OK
MSFT,2012,11,OK
MSFT,2013,1,OK
MSFT,2013,2,OK
MSFT,2013,3,OK
MSFT,2013,4,OK
MSFT,2013,5,OK
MSFT,2013,6,OK
MSFT,2013,7,OK
MSFT,2013,8,OK
MSFT,2013,9,OK
MSFT,2013,10,OK
MSFT,2013,11,OK
MSFT,2013,12,OK
MSFT,2014,1,OK
MSFT,2014,2,OK
MSFT,2014,3,OK
MSFT,2014,4,OK
MSFT,2014,5,OK
MSFT,2014,6,OK
MSFT,2014,7,OK
MSFT,2014,8,OK
MSFT,2014,9,OK
MSFT,2014,10,OK
MSFT,2014,11,OK
MSFT,2014,12,OK
MSFT,2015,1,OK
MSFT,2015,2,OK
MSFT,2015,3,OK
MSFT,2015,4,OK
MSFT,2015,5,OK
MSFT,2015,6,OK
MSFT,2015,7,OK
MSFT,2015,8,OK
MSFT,2015,9,OK
MSFT,2015,10,OK
MSFT,2015,11,OK
MSFT,2015,12,OK
MSFT,2016,1,OK
MSFT,2016,2,OK
MSFT,2016,3,OK
MSFT,2016,4,OK
MSFT,2016,5,OK
MSFT,2016,6,OK
MSFT,2016,7,OK
MSFT,2016,8,OK
MSFT,2016,9,OK
MSFT,2016,10,OK
MSFT,2016,11,OK
MSFT,2016,12,OK
MSFT,2017,1,OK
MSFT,2017,2,OK
MSFT,2017,3,OK
MSFT,2017,4,OK
MSFT,2017,5,OK
MSFT,2017,6,OK
MSFT,2017,7,OK
MSFT,2017,8,OK
MSFT,2017,9,OK
MSFT,2017,10,OK
MSFT,2017,11,OK
MSFT,2017,12,OK
MSFT,2018,1,OK
MSFT,2018,2,OK
MSFT,2018,3,OK
MSFT,2018,4,OK
MSFT,2018,5,OK
MSFT,2018,6,OK
MSFT,2018,7,OK
MSFT,2018,8,OK
MSFT,2018,9,OK
MSFT,2018,10,OK
MSFT,2018,11,OK
MSFT,2018,12,OK
MSFT,2019,1,OK
MSFT,2019,2,OK
MSFT,2019,3,OK
MSFT,2019,4,OK
MSFT,2019,5,OK
MSFT,2019,6,OK
MSFT,2019,7,OK
MSFT,2019,8,OK
MSFT,2019,9,OK
MSFT,2019,10,OK
MSFT,2019,11,OK
MSFT,2019,12,OK
MSFT,2020,1,OK
MSFT,2020,2,OK
MSFT,2020,3,OK
MSFT,2020,4,OK
MSFT,2020,5,OK
MSFT,2020,6,OK
MSFT,2020,7,OK
MSFT,2020,8,OK
MSFT,2020,9,OK
MSFT,2020,10,OK
MSFT,2020,11,OK
MSFT,2020,12,OK
MSFT,2021,1,OK
MSFT,2021,2,OK
MSFT,2021,3,OK
MSFT,2021,4,OK
MSFT,2021,5,OK
MSFT,2021,6,OK
MSFT,2021,7,OK
MSFT,2021,8,OK
MSFT,2021,9,OK
MSFT,2021,10,OK
MSFT,2021,11,OK
MSFT,2021,12,OK
MSFT,2022,1,OK
MSFT,2022,2,OK
MSFT,2022,3,OK
MSFT,2022,4,OK
MSFT,2022,5,OK
MSFT,2022,6,OK
MSFT,2022,7,OK
MSFT,2022,8,OK
MSFT,2022,9,OK
MSFT,2022,10,OK
MSFT,2022,11,OK
MSFT,2022,12,OK
MSFT,2023,1,OK
MSFT,2023,2,OK
MSFT,2023,3,OK
MSFT,2023,4,OK
MSFT,2023,5,OK
MSFT,2023,6,OK
MSFT,2023,7,OK
MSFT,2023,8,OK
MSFT,2023,9,OK
MSFT,2023,10,OK
MSFT,2023,11,OK
MSFT,2023,12,OK
MSFT,2024,1,OK
MSFT,2024,2,OK
MSFT,2024,3,OK
MSFT,2024,4,OK
MSFT,2024,5,OK
MSFT,2024,6,OK
MSFT,2024,7,OK
MSFT,2024,8,OK
MSFT,2024,9,OK
MSFT,2024,10,OK
MSFT,2024,11,OK
MSFT,2024,12,OK
MSFT,2025,1,OK
MSFT,2025,2,OK
MSFT,2025,3,OK
MSFT,2025,4,OK
MSFT,2025,5,OK
MSFT,2025,6,OK
MSFT,2025,7,OK
MSFT,2025,8,OK
MSFT,2025,9,OK
MSFT,2025,10,OK
MSFT,2025,11,OK
MSFT,2025,12,OK
MSFT,2026,1,OK
MSFT,2026,2,OK
MSTR,2012,6,OK
MSTR,2012,7,OK
MSTR,2012,8,OK
MSTR,2012,9,OK
MSTR,2012,10,OK
MSTR,2012,11,OK
MSTR,2012,12,OK
MSTR,2013,1,OK
MSTR,2013,2,OK
MSTR,2013,3,OK
MSTR,2013,4,OK
MSTR,2013,5,OK
MSTR,2013,6,OK
MSTR,2013,7,OK
MSTR,2013,8,OK
MSTR,2013,9,OK
MSTR,2013,10,OK
MSTR,2013,11,OK
MSTR,2013,12,OK
MSTR,2014,1,OK
MSTR,2014,2,OK
MSTR,2014,3,OK
MSTR,2014,4,OK
MSTR,2014,5,OK
MSTR,2014,6,OK
MSTR,2014,7,OK
MSTR,2014,8,OK
MSTR,2014,9,OK
MSTR,2014,10,OK
MSTR,2014,11,OK
MSTR,2014,12,OK
MSTR,2015,1,OK
MSTR,2015,2,OK
MSTR,2015,3,OK
MSTR,2015,4,OK
MSTR,2015,5,OK
MSTR,2015,6,OK
MSTR,2015,7,OK
MSTR,2015,8,OK
MSTR,2015,9,OK
MSTR,2015,10,OK
MSTR,2015,11,OK
MSTR,2015,12,OK
MSTR,2016,1,OK
MSTR,2016,2,OK
MSTR,2016,3,OK
MSTR,2016,4,OK
MSTR,2016,5,OK
MSTR,2016,6,OK
MSTR,2016,7,OK
MSTR,2016,8,OK
MSTR,2016,9,OK
MSTR,2016,10,OK
MSTR,2016,11,OK
MSTR,2016,12,OK
MSTR,2017,1,OK
MSTR,2017,2,OK
MSTR,2017,3,OK
MSTR,2017,4,OK
MSTR,2017,5,OK
MSTR,2017,6,OK
MSTR,2017,7,OK
MSTR,2017,8,OK
MSTR,2017,9,OK
MSTR,2017,10,OK
MSTR,2017,11,OK
MSTR,2017,12,OK
MSTR,2018,1,OK
MSTR,2018,2,OK
MSTR,2018,3,OK
MSTR,2018,4,OK
MSTR,2018,5,OK
MSTR,2018,6,OK
MSTR,2018,7,OK
MSTR,2018,8,OK
MSTR,2018,9,OK
MSTR,2018,10,OK
MSTR,2018,11,OK
MSTR,2018,12,OK
MSTR,2019,1,OK
MSTR,2019,2,OK
MSTR,2019,3,OK
MSTR,2019,4,OK
MSTR,2019,5,OK
MSTR,2019,6,OK
MSTR,2019,7,OK
MSTR,2019,8,OK
MSTR,2019,9,OK
MSTR,2019,10,OK
MSTR,2019,11,OK
MSTR,2019,12,OK
MSTR,2020,1,OK
MSTR,2020,2,OK
MSTR,2020,3,OK
MSTR,2020,4,OK
MSTR,2020,5,OK
MSTR,2020,6,OK
MSTR,2020,7,OK
MSTR,2020,8,OK
MSTR,2020,9,OK
MSTR,2020,10,OK
MSTR,2020,11,OK
MSTR,2020,12,OK
MSTR,2021,1,OK
MSTR,2021,2,OK
MSTR,2021,3,OK
MSTR,2021,4,OK
MSTR,2021,5,OK
MSTR,2021,6,OK
MSTR,2021,7,OK
MSTR,2021,8,OK
MSTR,2021,9,OK
MSTR,2021,10,OK
MSTR,2021,11,OK
MSTR,2021,12,OK
MSTR,2022,1,OK
MSTR,2022,2,OK
MSTR,2022,3,OK
MSTR,2022,4,OK
MSTR,2022,5,OK
MSTR,2022,6,OK
MSTR,2022,7,OK
MSTR,2022,8,OK
MSTR,2022,9,OK
MSTR,2022,10,OK
MSTR,2022,11,OK
MSTR,2022,12,OK
MSTR,2023,1,OK
MSTR,2023,2,OK
MSTR,2023,3,OK
MSTR,2023,4,OK
MSTR,2023,5,OK
MSTR,2023,6,OK
MSTR,2023,7,OK
MSTR,2023,8,OK
MSTR,2023,9,OK
MSTR,2023,10,OK
MSTR,2023,11,OK
MSTR,2023,12,OK
MSTR,2024,1,OK
MSTR,2024,2,OK
MSTR,2024,3,OK
MSTR,2024,4,OK
MSTR,2024,5,OK
MSTR,2024,6,OK
MSTR,2024,7,OK
MSTR,2024,8,OK
MSTR,2024,9,OK
MSTR,2024,10,OK
MSTR,2024,11,OK
MSTR,2024,12,OK
MSTR,2025,1,OK
MSTR,2025,2,OK
MSTR,2025,3,OK
MSTR,2025,4,OK
MSTR,2025,5,OK
MSTR,2025,6,OK
MSTR,2025,7,OK
MSTR,2025,8,OK
MSTR,2025,9,OK
MSTR,2025,10,OK
MSTR,2025,11,OK
MSTR,2025,12,OK
MSTR,2026,1,OK
MSTR,2026,2,OK
NVDA,2012,6,OK
NVDA,2012,7,OK
NVDA,2012,8,OK
NVDA,2012,9,OK
NVDA,2012,10,OK
NVDA,2012,11,OK
NVDA,2012,12,OK
NVDA,2013,1,OK
NVDA,2013,2,OK
NVDA,2013,3,OK
NVDA,2013,4,OK
NVDA,2013,5,OK
NVDA,2013,6,OK
NVDA,2013,8,OK
NVDA,2013,9,OK
NVDA,2013,10,OK
NVDA,2013,11,OK
NVDA,2013,12,OK
NVDA,2014,1,OK
NVDA,2014,2,OK
NVDA,2014,3,OK
NVDA,2014,4,OK
NVDA,2014,5,OK
NVDA,2014,6,OK
NVDA,2014,7,OK
NVDA,2014,8,OK
NVDA,2014,9,OK
NVDA,2014,10,OK
NVDA,2014,11,OK
NVDA,2014,12,OK
NVDA,2015,1,OK
NVDA,2015,2,OK
NVDA,2015,3,OK
NVDA,2015,4,OK
NVDA,2015,5,OK
NVDA,2015,6,OK
NVDA,2015,7,OK
NVDA,2015,8,OK
NVDA,2015,9,OK
NVDA,2015,10,OK
NVDA,2015,11,OK
NVDA,2015,12,OK
NVDA,2016,1,OK
NVDA,2016,2,OK
NVDA,2016,3,OK
NVDA,2016,4,OK
NVDA,2016,5,OK
NVDA,2016,6,OK
NVDA,2016,7,OK
NVDA,2016,8,OK
NVDA,2016,9,OK
NVDA,2016,10,OK
NVDA,2016,11,OK
NVDA,2016,12,OK
NVDA,2017,1,OK
NVDA,2017,2,OK
NVDA,2017,3,OK
NVDA,2017,4,OK
NVDA,2017,5,OK
NVDA,2017,6,OK
NVDA,2017,7,OK
NVDA,2017,8,OK
NVDA,2017,9,OK
NVDA,2017,10,OK
NVDA,2017,11,OK
NVDA,2017,12,OK
NVDA,2018,1,OK
NVDA,2018,2,OK
NVDA,2018,3,OK
NVDA,2018,4,OK
NVDA,2018,5,OK
NVDA,2018,6,OK
NVDA,2018,7,OK
NVDA,2018,8,OK
NVDA,2018,9,OK
NVDA,2018,10,OK
NVDA,2018,11,OK
NVDA,2018,12,OK
NVDA,2019,1,OK
NVDA,2019,2,OK
NVDA,2019,3,OK
NVDA,2019,4,OK
NVDA,2019,5,OK
NVDA,2019,6,OK
NVDA,2019,7,OK
NVDA,2019,8,OK
NVDA,2019,9,OK
NVDA,2019,10,OK
NVDA,2019,11,OK
NVDA,2019,12,OK
NVDA,2020,1,OK
NVDA,2020,2,OK
NVDA,2020,3,OK
NVDA,2020,4,OK
NVDA,2020,5,OK
NVDA,2020,6,OK
NVDA,2020,7,OK
NVDA,2020,8,OK
NVDA,2020,9,OK
NVDA,2020,10,OK
NVDA,2020,11,OK
NVDA,2020,12,OK
NVDA,2021,1,OK
NVDA,2021,2,OK
NVDA,2021,3,OK
NVDA,2021,4,OK
NVDA,2021,5,OK
NVDA,2021,6,OK
NVDA,2021,7,OK
NVDA,2021,8,OK
NVDA,2021,9,OK
NVDA,2021,10,OK
NVDA,2021,11,OK
NVDA,2021,12,OK
NVDA,2022,1,OK
NVDA,2022,2,OK
NVDA,2022,3,OK
NVDA,2022,4,OK
NVDA,2022,5,OK
NVDA,2022,6,OK
NVDA,2022,7,OK
NVDA,2022,8,OK
NVDA,2022,9,OK
NVDA,2022,10,OK
NVDA,2022,11,OK
NVDA,2022,12,OK
NVDA,2023,1,OK
NVDA,2023,2,OK
NVDA,2023,3,OK
NVDA,2023,4,OK
NVDA,2023,5,OK
NVDA,2023,6,OK
NVDA,2023,7,OK
NVDA,2023,8,OK
NVDA,2023,9,OK
NVDA,2023,10,OK
NVDA,2023,11,OK
NVDA,2023,12,OK
NVDA,2024,1,OK
NVDA,2024,2,OK
NVDA,2024,3,OK
NVDA,2024,4,OK
NVDA,2024,5,OK
NVDA,2024,6,OK
NVDA,2024,7,OK
NVDA,2024,8,OK
NVDA,2024,9,OK
NVDA,2024,10,OK
NVDA,2024,11,OK
NVDA,2024,12,OK
NVDA,2025,1,OK
NVDA,2025,2,OK
NVDA,2025,3,OK
NVDA,2025,4,OK
NVDA,2025,5,OK
NVDA,2025,6,OK
NVDA,2025,7,OK
NVDA,2025,8,OK
NVDA,2025,9,OK
NVDA,2025,10,OK
NVDA,2025,11,OK
NVDA,2025,12,OK
NVDA,2026,1,OK
NVDA,2026,2,OK
PLTR,2020,10,OK
PLTR,2020,11,OK
PLTR,2020,12,OK
PLTR,2021,1,OK
PLTR,2021,2,OK
PLTR,2021,3,OK
PLTR,2021,4,OK
PLTR,2021,5,OK
PLTR,2021,6,OK
PLTR,2021,7,OK
PLTR,2021,8,OK
PLTR,2021,9,OK
PLTR,2021,10,OK
PLTR,2021,11,OK
PLTR,2021,12,OK
PLTR,2022,1,OK
PLTR,2022,2,OK
PLTR,2022,3,OK
PLTR,2022,4,OK
PLTR,2022,5,OK
PLTR,2022,6,OK
PLTR,2022,7,OK
PLTR,2022,8,OK
PLTR,2022,9,OK
PLTR,2022,10,OK
PLTR,2022,11,OK
PLTR,2022,12,OK
PLTR,2023,1,OK
PLTR,2023,2,OK
PLTR,2023,3,OK
PLTR,2023,4,OK
PLTR,2023,5,OK
PLTR,2023,6,OK
PLTR,2023,7,OK
PLTR,2023,8,OK
PLTR,2023,9,OK
PLTR,2023,10,OK
PLTR,2023,11,OK
PLTR,2023,12,OK
PLTR,2024,1,OK
PLTR,2024,2,OK
PLTR,2024,3,OK
PLTR,2024,4,OK
PLTR,2024,5,OK
PLTR,2024,6,OK
PLTR,2024,7,OK
PLTR,2024,8,OK
PLTR,2024,9,OK
PLTR,2024,10,OK
PLTR,2024,11,OK
PLTR,2024,12,OK
PLTR,2025,1,OK
PLTR,2025,2,OK
PLTR,2025,3,OK
PLTR,2025,4,OK
PLTR,2025,5,OK
PLTR,2025,6,OK
PLTR,2025,7,OK
PLTR,2025,8,OK
PLTR,2025,9,OK
PLTR,2025,10,OK
PLTR,2025,11,OK
PLTR,2025,12,OK
PLTR,2026,1,OK
PLTR,2026,2,OK
QQQ,2012,6,OK
QQQ,2012,7,OK
QQQ,2012,8,OK
QQQ,2012,9,OK
QQQ,2012,10,OK
QQQ,2012,11,OK
QQQ,2012,12,OK
QQQ,2013,1,OK
QQQ,2013,2,OK
QQQ,2013,3,OK
QQQ,2013,4,OK
QQQ,2013,5,OK
QQQ,2013,6,OK
QQQ,2013,7,OK
QQQ,2013,8,OK
QQQ,2013,9,OK
QQQ,2013,10,OK
QQQ,2013,11,OK
QQQ,2013,12,OK
QQQ,2014,1,OK
QQQ,2014,2,OK
QQQ,2014,3,OK
QQQ,2014,4,OK
QQQ,2014,5,OK
QQQ,2014,6,OK
QQQ,2014,7,OK
QQQ,2014,8,OK
QQQ,2014,9,OK
QQQ,2014,10,OK
QQQ,2014,11,OK
QQQ,2014,12,OK
QQQ,2015,1,OK
QQQ,2015,2,OK
QQQ,2015,3,OK
QQQ,2015,4,OK
QQQ,2015,5,OK
QQQ,2015,6,OK
QQQ,2015,7,OK
QQQ,2015,8,OK
QQQ,2015,9,OK
QQQ,2015,10,OK
QQQ,2015,12,OK
QQQ,2016,1,OK
QQQ,2016,2,OK
QQQ,2016,3,OK
QQQ,2016,4,OK
QQQ,2016,5,OK
QQQ,2016,6,OK
QQQ,2016,7,OK
QQQ,2016,8,OK
QQQ,2016,9,OK
QQQ,2016,10,OK
QQQ,2016,11,OK
QQQ,2016,12,OK
QQQ,2017,1,OK
QQQ,2017,2,OK
QQQ,2017,3,OK
QQQ,2017,4,OK
QQQ,2017,5,OK
QQQ,2017,6,OK
QQQ,2017,7,OK
QQQ,2017,8,OK
QQQ,2017,9,OK
QQQ,2017,10,OK
QQQ,2017,11,OK
QQQ,2017,12,OK
QQQ,2018,1,OK
QQQ,2018,2,OK
QQQ,2018,3,OK
QQQ,2018,4,OK
QQQ,2018,5,OK
QQQ,2018,6,OK
QQQ,2018,7,OK
QQQ,2018,8,OK
QQQ,2018,9,OK
QQQ,2018,10,OK
QQQ,2018,11,OK
QQQ,2018,12,OK
QQQ,2019,1,OK
QQQ,2019,2,OK
QQQ,2019,3,OK
QQQ,2019,4,OK
QQQ,2019,5,OK
QQQ,2019,6,OK
QQQ,2019,7,OK
QQQ,2019,8,OK
QQQ,2019,9,OK
QQQ,2019,10,OK
QQQ,2019,11,OK
QQQ,2019,12,OK
QQQ,2020,1,OK
QQQ,2020,2,OK
QQQ,2020,3,OK
QQQ,2020,4,OK
QQQ,2020,5,OK
QQQ,2020,6,OK
QQQ,2020,7,OK
QQQ,2020,8,OK
QQQ,2020,9,OK
QQQ,2020,10,OK
QQQ,2020,11,OK
QQQ,2020,12,OK
QQQ,2021,1,OK
QQQ,2021,2,OK
QQQ,2021,3,OK
QQQ,2021,4,OK
QQQ,2021,5,OK
QQQ,2021,6,OK
QQQ,2021,7,OK
QQQ,2021,8,OK
QQQ,2021,9,OK
QQQ,2021,10,OK
QQQ,2021,11,OK
QQQ,2021,12,OK
QQQ,2022,1,OK
QQQ,2022,2,OK
QQQ,2022,3,OK
QQQ,2022,4,OK
QQQ,2022,5,OK
QQQ,2022,6,OK
QQQ,2022,7,OK
QQQ,2022,8,OK
QQQ,2022,9,OK
QQQ,2022,10,OK
QQQ,2022,11,OK
QQQ,2022,12,OK
QQQ,2023,1,OK
QQQ,2023,2,OK
QQQ,2023,3,OK
QQQ,2023,4,OK
QQQ,2023,5,OK
QQQ,2023,6,OK
QQQ,2023,7,OK
QQQ,2023,8,OK
QQQ,2023,9,OK
QQQ,2023,10,OK
QQQ,2023,11,OK
QQQ,2023,12,OK
QQQ,2024,1,OK
QQQ,2024,2,OK
QQQ,2024,3,OK
QQQ,2024,4,OK
QQQ,2024,5,OK
QQQ,2024,6,OK
QQQ,2024,7,OK
QQQ,2024,8,OK
QQQ,2024,9,OK
QQQ,2024,10,OK
QQQ,2024,11,OK
QQQ,2024,12,OK
QQQ,2025,1,OK
QQQ,2025,2,OK
QQQ,2025,3,OK
QQQ,2025,4,OK
QQQ,2025,5,OK
QQQ,2025,6,OK
QQQ,2025,7,OK
QQQ,2025,8,OK
QQQ,2025,9,OK
QQQ,2025,10,OK
QQQ,2025,11,OK
QQQ,2025,12,OK
QQQ,2026,1,OK
QQQ,2026,2,OK
SLV,2012,6,NO_COLUMN
SLV,2012,7,NO_COLUMN
SLV,2012,8,NO_COLUMN
SLV,2012,9,NO_COLUMN
SLV,2012,10,NO_COLUMN
SLV,2012,11,NO_COLUMN
SLV,2012,12,NO_COLUMN
SLV,2013,1,ALL_NAN
SLV,2013,2,NO_COLUMN
SLV,2013,3,ALL_NAN
SLV,2013,4,NO_COLUMN
SLV,2013,5,NO_COLUMN
SLV,2013,6,ALL_NAN
SLV,2013,7,NO_COLUMN
SLV,2013,8,ALL_NAN
SLV,2013,9,ALL_NAN
SLV,2013,10,NO_COLUMN
SLV,2013,11,ALL_NAN
SLV,2013,12,NO_COLUMN
SLV,2014,1,ALL_NAN
SLV,2014,2,ALL_NAN
SLV,2014,3,NO_COLUMN
SLV,2014,4,NO_COLUMN
SLV,2014,5,ALL_NAN
SLV,2014,6,ALL_NAN
SLV,2014,7,ALL_NAN
SLV,2014,8,ALL_NAN
SLV,2014,9,ALL_NAN
SLV,2014,10,ALL_NAN
SLV,2014,11,ALL_NAN
SLV,2014,12,ALL_NAN
SLV,2015,1,ALL_NAN
SLV,2015,2,NO_COLUMN
SLV,2015,3,ALL_NAN
SLV,2015,4,ALL_NAN
SLV,2015,5,ALL_NAN
SLV,2015,6,NO_COLUMN
SLV,2015,7,NO_COLUMN
SLV,2015,8,ALL_NAN
SLV,2015,9,NO_COLUMN
SLV,2015,10,ALL_NAN
SLV,2015,11,ALL_NAN
SLV,2015,12,ALL_NAN
SLV,2016,1,NO_COLUMN
SLV,2016,2,NO_COLUMN
SLV,2016,3,ALL_NAN
SLV,2016,4,NO_COLUMN
SLV,2016,5,ALL_NAN
SLV,2016,6,ALL_NAN
SLV,2016,7,ALL_NAN
SLV,2016,8,NO_COLUMN
SLV,2016,9,ALL_NAN
SLV,2016,10,ALL_NAN
SLV,2016,11,ALL_NAN
SLV,2016,12,NO_COLUMN
SLV,2017,1,OK
SLV,2017,2,OK
SLV,2017,3,OK
SLV,2017,4,OK
SLV,2017,5,OK
SLV,2017,6,OK
SLV,2017,7,OK
SLV,2017,8,OK
SLV,2017,9,OK
SLV,2017,10,OK
SLV,2017,11,OK
SLV,2017,12,OK
SLV,2018,1,OK
SLV,2018,2,OK
SLV,2018,3,OK
SLV,2018,4,OK
SLV,2018,5,OK
SLV,2018,6,OK
SLV,2018,7,OK
SLV,2018,8,OK
SLV,2018,9,OK
SLV,2018,10,OK
SLV,2018,11,OK
SLV,2018,12,OK
SLV,2019,1,OK
SLV,2019,2,OK
SLV,2019,3,OK
SLV,2019,4,OK
SLV,2019,5,OK
SLV,2019,6,OK
SLV,2019,7,OK
SLV,2019,8,OK
SLV,2019,9,OK
SLV,2019,10,OK
SLV,2019,11,OK
SLV,2019,12,OK
SLV,2020,1,OK
SLV,2020,2,OK
SLV,2020,3,OK
SLV,2020,4,OK
SLV,2020,5,OK
SLV,2020,6,OK
SLV,2020,7,OK
SLV,2020,8,OK
SLV,2020,9,OK
SLV,2020,10,OK
SLV,2020,11,OK
SLV,2020,12,OK
SLV,2021,1,OK
SLV,2021,2,OK
SLV,2021,3,OK
SLV,2021,4,OK
SLV,2021,5,OK
SLV,2021,6,OK
SLV,2021,7,OK
SLV,2021,8,OK
SLV,2021,9,OK
SLV,2021,10,OK
SLV,2021,11,OK
SLV,2021,12,OK
SLV,2022,1,OK
SLV,2022,2,OK
SLV,2022,3,OK
SLV,2022,4,OK
SLV,2022,5,OK
SLV,2022,6,OK
SLV,2022,7,OK
SLV,2022,8,OK
SLV,2022,9,OK
SLV,2022,10,OK
SLV,2022,11,OK
SLV,2022,12,OK
SLV,2023,1,OK
SLV,2023,2,OK
SLV,2023,3,OK
SLV,2023,4,OK
SLV,2023,5,OK
SLV,2023,6,OK
SLV,2023,7,OK
SLV,2023,8,OK
SLV,2023,9,OK
SLV,2023,10,OK
SLV,2023,11,OK
SLV,2023,12,OK
SLV,2024,1,OK
SLV,2024,2,OK
SLV,2024,3,OK
SLV,2024,4,OK
SLV,2024,5,OK
SLV,2024,6,OK
SLV,2024,7,OK
SLV,2024,8,OK
SLV,2024,9,OK
SLV,2024,10,OK
SLV,2024,11,OK
SLV,2024,12,OK
SLV,2025,1,OK
SLV,2025,2,OK
SLV,2025,3,OK
SLV,2025,4,OK
SLV,2025,5,OK
SLV,2025,6,OK
SLV,2025,7,OK
SLV,2025,8,OK
SLV,2025,9,OK
SLV,2025,10,OK
SLV,2025,11,OK
SLV,2025,12,OK
SLV,2026,1,OK
SLV,2026,2,OK
SMH,2012,6,NO_COLUMN
SMH,2012,7,NO_COLUMN
SMH,2012,8,NO_COLUMN
SMH,2012,9,NO_COLUMN
SMH,2012,10,ALL_NAN
SMH,2012,11,ALL_NAN
SMH,2012,12,ALL_NAN
SMH,2013,1,ALL_NAN
SMH,2013,2,NO_COLUMN
SMH,2013,3,ALL_NAN
SMH,2013,4,NO_COLUMN
SMH,2013,5,NO_COLUMN
SMH,2013,6,NO_COLUMN
SMH,2013,7,ALL_NAN
SMH,2013,8,NO_COLUMN
SMH,2013,9,ALL_NAN
SMH,2013,10,ALL_NAN
SMH,2013,11,ALL_NAN
SMH,2013,12,NO_COLUMN
SMH,2014,1,NO_COLUMN
SMH,2014,2,ALL_NAN
SMH,2014,3,ALL_NAN
SMH,2014,4,NO_COLUMN
SMH,2014,5,ALL_NAN
SMH,2014,6,ALL_NAN
SMH,2014,7,NO_COLUMN
SMH,2014,8,ALL_NAN
SMH,2014,9,NO_COLUMN
SMH,2014,10,ALL_NAN
SMH,2014,11,ALL_NAN
SMH,2014,12,ALL_NAN
SMH,2015,1,ALL_NAN
SMH,2015,2,NO_COLUMN
SMH,2015,3,ALL_NAN
SMH,2015,4,ALL_NAN
SMH,2015,5,ALL_NAN
SMH,2015,6,ALL_NAN
SMH,2015,7,ALL_NAN
SMH,2015,8,NO_COLUMN
SMH,2015,9,NO_COLUMN
SMH,2015,10,ALL_NAN
SMH,2015,11,ALL_NAN
SMH,2015,12,ALL_NAN
SMH,2016,1,NO_COLUMN
SMH,2016,2,ALL_NAN
SMH,2016,3,NO_COLUMN
SMH,2016,4,NO_COLUMN
SMH,2016,5,NO_COLUMN
SMH,2016,6,ALL_NAN
SMH,2016,7,ALL_NAN
SMH,2016,8,ALL_NAN
SMH,2016,9,ALL_NAN
SMH,2016,10,ALL_NAN
SMH,2016,11,NO_COLUMN
SMH,2016,12,ALL_NAN
SMH,2017,1,OK
SMH,2017,2,OK
SMH,2017,3,OK
SMH,2017,4,OK
SMH,2017,5,OK
SMH,2017,6,OK
SMH,2017,7,OK
SMH,2017,8,OK
SMH,2017,9,OK
SMH,2017,10,OK
SMH,2017,11,OK
SMH,2017,12,OK
SMH,2018,1,OK
SMH,2018,2,OK
SMH,2018,3,OK
SMH,2018,4,OK
SMH,2018,5,OK
SMH,2018,6,OK
SMH,2018,7,OK
SMH,2018,8,OK
SMH,2018,9,OK
SMH,2018,10,OK
SMH,2018,11,OK
SMH,2018,12,OK
SMH,2019,1,OK
SMH,2019,2,OK
SMH,2019,3,OK
SMH,2019,4,OK
SMH,2019,5,OK
SMH,2019,6,OK
SMH,2019,7,OK
SMH,2019,8,OK
SMH,2019,9,OK
SMH,2019,10,OK
SMH,2019,11,OK
SMH,2019,12,OK
SMH,2020,1,OK
SMH,2020,2,OK
SMH,2020,3,OK
SMH,2020,4,OK
SMH,2020,5,OK
SMH,2020,6,OK
SMH,2020,7,OK
SMH,2020,8,OK
SMH,2020,9,OK
SMH,2020,10,OK
SMH,2020,11,OK
SMH,2020,12,OK
SMH,2021,1,OK
SMH,2021,2,OK
SMH,2021,3,OK
SMH,2021,4,OK
SMH,2021,5,OK
SMH,2021,6,OK
SMH,2021,7,OK
SMH,2021,8,OK
SMH,2021,9,OK
SMH,2021,10,OK
SMH,2021,11,OK
SMH,2021,12,OK
SMH,2022,1,OK
SMH,2022,3,OK
SMH,2022,4,OK
SMH,2022,5,OK
SMH,2022,6,OK
SMH,2022,7,OK
SMH,2022,8,OK
SMH,2022,9,OK
SMH,2022,10,OK
SMH,2022,11,OK
SMH,2022,12,OK
SMH,2023,1,OK
SMH,2023,2,OK
SMH,2023,3,OK
SMH,2023,4,OK
SMH,2023,5,OK
SMH,2023,6,OK
SMH,2023,7,OK
SMH,2023,8,OK
SMH,2023,9,OK
SMH,2023,10,OK
SMH,2023,11,OK
SMH,2023,12,OK
SMH,2024,1,OK
SMH,2024,2,OK
SMH,2024,3,OK
SMH,2024,4,OK
SMH,2024,5,OK
SMH,2024,6,OK
SMH,2024,7,OK
SMH,2024,8,OK
SMH,2024,9,OK
SMH,2024,10,OK
SMH,2024,11,OK
SMH,2024,12,OK
SMH,2025,1,OK
SMH,2025,2,OK
SMH,2025,3,OK
SMH,2025,4,OK
SMH,2025,5,OK
SMH,2025,6,OK
SMH,2025,7,OK
SMH,2025,8,OK
SMH,2025,9,OK
SMH,2025,10,OK
SMH,2025,11,OK
SMH,2025,12,OK
SMH,2026,1,OK
SMH,2026,2,OK
SPX,2012,6,NO_COLUMN
SPX,2012,7,NO_COLUMN
SPX,2012,8,NO_COLUMN
SPX,2012,9,NO_COLUMN
SPX,2012,10,ALL_NAN
SPX,2012,11,NO_COLUMN
SPX,2012,12,ALL_NAN
SPX,2013,1,ALL_NAN
SPX,2013,2,ALL_NAN
SPX,2013,3,ALL_NAN
SPX,2013,4,ALL_NAN
SPX,2013,5,ALL_NAN
SPX,2013,6,ALL_NAN
SPX,2013,7,NO_COLUMN
SPX,2013,8,ALL_NAN
SPX,2013,9,ALL_NAN
SPX,2013,10,ALL_NAN
SPX,2013,11,ALL_NAN
SPX,2013,12,ALL_NAN
SPX,2014,1,ALL_NAN
SPX,2014,2,ALL_NAN
SPX,2014,3,ALL_NAN
SPX,2014,4,ALL_NAN
SPX,2014,5,ALL_NAN
SPX,2014,6,ALL_NAN
SPX,2014,7,ALL_NAN
SPX,2014,8,ALL_NAN
SPX,2014,9,ALL_NAN
SPX,2014,10,ALL_NAN
SPX,2014,11,ALL_NAN
SPX,2014,12,ALL_NAN
SPX,2015,1,ALL_NAN
SPX,2015,2,ALL_NAN
SPX,2015,4,NO_COLUMN
SPX,2015,5,ALL_NAN
SPX,2015,6,NO_COLUMN
SPX,2015,7,ALL_NAN
SPX,2015,8,NO_COLUMN
SPX,2015,9,ALL_NAN
SPX,2015,10,ALL_NAN
SPX,2015,11,ALL_NAN
SPX,2015,12,ALL_NAN
SPX,2016,1,ALL_NAN
SPX,2016,2,ALL_NAN
SPX,2016,3,ALL_NAN
SPX,2016,4,ALL_NAN
SPX,2016,5,ALL_NAN
SPX,2016,6,ALL_NAN
SPX,2016,7,ALL_NAN
SPX,2016,8,ALL_NAN
SPX,2016,9,NO_COLUMN
SPX,2016,10,ALL_NAN
SPX,2016,11,ALL_NAN
SPX,2016,12,ALL_NAN
SPX,2017,1,OK
SPX,2017,2,OK
SPX,2017,3,OK
SPX,2017,4,OK
SPX,2017,5,OK
SPX,2017,6,OK
SPX,2017,7,OK
SPX,2017,8,OK
SPX,2017,9,OK
SPX,2017,10,OK
SPX,2017,11,OK
SPX,2017,12,OK
SPX,2018,1,OK
SPX,2018,2,OK
SPX,2018,3,OK
SPX,2018,4,OK
SPX,2018,5,OK
SPX,2018,6,OK
SPX,2018,7,OK
SPX,2018,8,OK
SPX,2018,9,OK
SPX,2018,10,OK
SPX,2018,11,OK
SPX,2018,12,OK
SPX,2019,1,OK
SPX,2019,2,OK
SPX,2019,3,OK
SPX,2019,4,OK
SPX,2019,5,OK
SPX,2019,6,OK
SPX,2019,7,OK
SPX,2019,8,OK
SPX,2019,9,OK
SPX,2019,10,OK
SPX,2019,11,OK
SPX,2019,12,OK
SPX,2020,1,OK
SPX,2020,2,OK
SPX,2020,3,OK
SPX,2020,4,OK
SPX,2020,5,OK
SPX,2020,6,OK
SPX,2020,7,OK
SPX,2020,8,OK
SPX,2020,9,OK
SPX,2020,10,OK
SPX,2020,11,OK
SPX,2020,12,OK
SPX,2021,1,OK
SPX,2021,2,OK
SPX,2021,3,OK
SPX,2021,4,OK
SPX,2021,5,OK
SPX,2021,6,OK
SPX,2021,7,OK
SPX,2021,8,OK
SPX,2021,9,OK
SPX,2021,10,OK
SPX,2021,11,OK
SPX,2021,12,OK
SPX,2022,1,OK
SPX,2022,2,OK
SPX,2022,3,OK
SPX,2022,4,OK
SPX,2022,5,OK
SPX,2022,6,OK
SPX,2022,7,OK
SPX,2022,8,OK
SPX,2022,9,OK
SPX,2022,10,OK
SPX,2022,11,OK
SPX,2022,12,OK
SPX,2023,1,PARTIAL_NAN
SPX,2023,2,OK
SPX,2023,3,OK
SPX,2023,4,OK
SPX,2023,5,OK
SPX,2023,6,OK
SPX,2023,7,OK
SPX,2023,8,OK
SPX,2023,9,OK
SPX,2023,10,OK
SPX,2023,11,OK
SPX,2023,12,OK
SPX,2024,1,PARTIAL_NAN
SPX,2024,2,OK
SPX,2024,3,OK
SPX,2024,4,OK
SPX,2024,5,OK
SPX,2024,6,OK
SPX,2024,7,OK
SPX,2024,8,OK
SPX,2024,9,ALL_NAN
SPX,2024,10,OK
SPX,2024,11,OK
SPX,2024,12,OK
SPX,2025,1,PARTIAL_NAN
SPX,2025,2,OK
SPX,2025,3,OK
SPX,2025,4,OK
SPX,2025,5,OK
SPX,2025,6,OK
SPX,2025,7,OK
SPX,2025,8,OK
SPX,2025,9,ALL_NAN
SPX,2025,10,OK
SPX,2025,11,OK
SPX,2025,12,OK
SPX,2026,1,PARTIAL_NAN
SPX,2026,2,OK
SPY,2012,6,NO_COLUMN
SPY,2012,7,NO_COLUMN
SPY,2012,8,NO_COLUMN
SPY,2012,9,NO_COLUMN
SPY,2012,10,NO_COLUMN
SPY,2012,11,NO_COLUMN
SPY,2012,12,NO_COLUMN
SPY,2013,1,NO_COLUMN
SPY,2013,2,NO_COLUMN
SPY,2013,3,NO_COLUMN
SPY,2013,4,NO_COLUMN
SPY,2013,5,NO_COLUMN
SPY,2013,6,NO_COLUMN
SPY,2013,7,NO_COLUMN
SPY,2013,8,NO_COLUMN
SPY,2013,9,NO_COLUMN
SPY,2013,10,ALL_NAN
SPY,2013,11,NO_COLUMN
SPY,2013,12,NO_COLUMN
SPY,2014,1,NO_COLUMN
SPY,2014,2,ALL_NAN
SPY,2014,3,NO_COLUMN
SPY,2014,4,ALL_NAN
SPY,2014,5,ALL_NAN
SPY,2014,6,ALL_NAN
SPY,2014,7,ALL_NAN
SPY,2014,8,ALL_NAN
SPY,2014,9,ALL_NAN
SPY,2014,10,ALL_NAN
SPY,2014,11,NO_COLUMN
SPY,2014,12,ALL_NAN
SPY,2015,1,NO_COLUMN
SPY,2015,2,ALL_NAN
SPY,2015,3,ALL_NAN
SPY,2015,4,ALL_NAN
SPY,2015,5,ALL_NAN
SPY,2015,6,ALL_NAN
SPY,2015,8,NO_COLUMN
SPY,2015,9,NO_COLUMN
SPY,2015,10,NO_COLUMN
SPY,2015,11,NO_COLUMN
SPY,2015,12,NO_COLUMN
SPY,2016,1,NO_COLUMN
SPY,2016,2,ALL_NAN
SPY,2016,3,NO_COLUMN
SPY,2016,4,ALL_NAN
SPY,2016,5,ALL_NAN
SPY,2016,6,NO_COLUMN
SPY,2016,7,NO_COLUMN
SPY,2016,8,NO_COLUMN
SPY,2016,9,NO_COLUMN
SPY,2016,10,NO_COLUMN
SPY,2016,11,ALL_NAN
SPY,2016,12,NO_COLUMN
SPY,2017,1,OK
SPY,2017,2,OK
SPY,2017,3,OK
SPY,2017,4,OK
SPY,2017,5,OK
SPY,2017,6,OK
SPY,2017,7,OK
SPY,2017,8,OK
SPY,2017,9,OK
SPY,2017,10,OK
SPY,2017,11,OK
SPY,2017,12,OK
SPY,2018,1,OK
SPY,2018,2,OK
SPY,2018,3,OK
SPY,2018,4,OK
SPY,2018,5,OK
SPY,2018,6,OK
SPY,2018,7,OK
SPY,2018,8,OK
SPY,2018,9,OK
SPY,2018,10,OK
SPY,2018,11,OK
SPY,2018,12,OK
SPY,2019,1,OK
SPY,2019,2,OK
SPY,2019,3,OK
SPY,2019,4,OK
SPY,2019,5,OK
SPY,2019,6,OK
SPY,2019,7,OK
SPY,2019,8,OK
SPY,2019,9,OK
SPY,2019,10,OK
SPY,2019,11,OK
SPY,2019,12,OK
SPY,2020,1,OK
SPY,2020,2,OK
SPY,2020,3,OK
SPY,2020,4,OK
SPY,2020,5,OK
SPY,2020,6,OK
SPY,2020,7,OK
SPY,2020,8,OK
SPY,2020,9,OK
SPY,2020,10,OK
SPY,2020,11,OK
SPY,2020,12,OK
SPY,2021,1,OK
SPY,2021,2,OK
SPY,2021,3,OK
SPY,2021,4,OK
SPY,2021,5,OK
SPY,2021,6,OK
SPY,2021,7,OK
SPY,2021,8,OK
SPY,2021,9,OK
SPY,2021,10,OK
SPY,2021,11,OK
SPY,2021,12,OK
SPY,2022,1,OK
SPY,2022,2,OK
SPY,2022,3,OK
SPY,2022,4,OK
SPY,2022,5,OK
SPY,2022,6,OK
SPY,2022,7,OK
SPY,2022,8,OK
SPY,2022,9,OK
SPY,2022,10,OK
SPY,2022,11,OK
SPY,2022,12,OK
SPY,2023,1,OK
SPY,2023,2,OK
SPY,2023,3,OK
SPY,2023,4,OK
SPY,2023,5,OK
SPY,2023,6,OK
SPY,2023,7,OK
SPY,2023,8,OK
SPY,2023,9,OK
SPY,2023,10,OK
SPY,2023,11,OK
SPY,2023,12,OK
SPY,2024,1,OK
SPY,2024,2,OK
SPY,2024,3,OK
SPY,2024,4,OK
SPY,2024,5,OK
SPY,2024,6,OK
SPY,2024,7,OK
SPY,2024,8,OK
SPY,2024,9,OK
SPY,2024,10,OK
SPY,2024,11,OK
SPY,2024,12,OK
SPY,2025,1,OK
SPY,2025,2,OK
SPY,2025,3,OK
SPY,2025,4,OK
SPY,2025,5,OK
SPY,2025,6,OK
SPY,2025,7,OK
SPY,2025,8,OK
SPY,2025,9,OK
SPY,2025,10,OK
SPY,2025,11,OK
SPY,2025,12,OK
SPY,2026,1,OK
SPY,2026,2,OK
TLT,2012,6,ALL_NAN
TLT,2012,7,NO_COLUMN
TLT,2012,8,NO_COLUMN
TLT,2012,9,NO_COLUMN
TLT,2012,10,NO_COLUMN
TLT,2012,11,NO_COLUMN
TLT,2012,12,ALL_NAN
TLT,2013,1,ALL_NAN
TLT,2013,2,ALL_NAN
TLT,2013,3,ALL_NAN
TLT,2013,4,NO_COLUMN
TLT,2013,5,NO_COLUMN
TLT,2013,6,ALL_NAN
TLT,2013,7,NO_COLUMN
TLT,2013,8,NO_COLUMN
TLT,2013,9,ALL_NAN
TLT,2013,10,NO_COLUMN
TLT,2013,11,NO_COLUMN
TLT,2013,12,ALL_NAN
TLT,2014,1,NO_COLUMN
TLT,2014,2,NO_COLUMN
TLT,2014,3,ALL_NAN
TLT,2014,4,ALL_NAN
TLT,2014,5,ALL_NAN
TLT,2014,6,ALL_NAN
TLT,2014,7,NO_COLUMN
TLT,2014,8,ALL_NAN
TLT,2014,9,ALL_NAN
TLT,2014,10,NO_COLUMN
TLT,2014,11,ALL_NAN
TLT,2014,12,ALL_NAN
TLT,2015,1,ALL_NAN
TLT,2015,2,NO_COLUMN
TLT,2015,3,ALL_NAN
TLT,2015,4,ALL_NAN
TLT,2015,5,ALL_NAN
TLT,2015,6,ALL_NAN
TLT,2015,7,ALL_NAN
TLT,2015,8,ALL_NAN
TLT,2015,9,ALL_NAN
TLT,2015,10,ALL_NAN
TLT,2015,11,ALL_NAN
TLT,2015,12,NO_COLUMN
TLT,2016,1,NO_COLUMN
TLT,2016,2,ALL_NAN
TLT,2016,3,OK
TLT,2016,4,OK
TLT,2016,5,OK
TLT,2016,6,OK
TLT,2016,7,OK
TLT,2016,8,OK
TLT,2016,9,OK
TLT,2016,10,OK
TLT,2016,11,OK
TLT,2016,12,OK
TLT,2017,1,OK
TLT,2017,2,OK
TLT,2017,3,OK
TLT,2017,4,OK
TLT,2017,5,OK
TLT,2017,6,OK
TLT,2017,7,OK
TLT,2017,8,OK
TLT,2017,9,OK
TLT,2017,10,OK
TLT,2017,11,OK
TLT,2017,12,OK
TLT,2018,1,OK
TLT,2018,2,OK
TLT,2018,3,OK
TLT,2018,4,OK
TLT,2018,5,OK
TLT,2018,6,OK
TLT,2018,7,OK
TLT,2018,8,OK
TLT,2018,9,OK
TLT,2018,10,OK
TLT,2018,11,OK
TLT,2018,12,OK
TLT,2019,1,OK
TLT,2019,2,OK
TLT,2019,3,OK
TLT,2019,4,OK
TLT,2019,5,OK
TLT,2019,6,OK
TLT,2019,7,OK
TLT,2019,8,OK
TLT,2019,9,OK
TLT,2019,10,OK
TLT,2019,11,OK
TLT,2019,12,OK
TLT,2020,1,OK
TLT,2020,2,OK
TLT,2020,3,OK
TLT,2020,4,OK
TLT,2020,5,OK
TLT,2020,6,OK
TLT,2020,7,OK
TLT,2020,8,OK
TLT,2020,9,OK
TLT,2020,10,OK
TLT,2020,11,OK
TLT,2020,12,OK
TLT,2021,1,OK
TLT,2021,2,OK
TLT,2021,3,OK
TLT,2021,4,OK
TLT,2021,5,OK
TLT,2021,6,OK
TLT,2021,7,OK
TLT,2021,8,OK
TLT,2021,9,OK
TLT,2021,10,OK
TLT,2021,11,OK
TLT,2021,12,OK
TLT,2022,1,OK
TLT,2022,2,OK
TLT,2022,3,OK
TLT,2022,4,OK
TLT,2022,5,OK
TLT,2022,6,OK
TLT,2022,7,OK
TLT,2022,8,OK
TLT,2022,9,OK
TLT,2022,10,OK
TLT,2022,11,OK
TLT,2022,12,OK
TLT,2023,1,OK
TLT,2023,2,OK
TLT,2023,3,OK
TLT,2023,4,OK
TLT,2023,5,OK
TLT,2023,6,OK
TLT,2023,7,OK
TLT,2023,8,OK
TLT,2023,9,OK
TLT,2023,10,OK
TLT,2023,11,OK
TLT,2023,12,OK
TLT,2024,1,OK
TLT,2024,2,OK
TLT,2024,3,OK
TLT,2024,4,OK
TLT,2024,5,OK
TLT,2024,6,OK
TLT,2024,7,OK
TLT,2024,8,OK
TLT,2024,9,OK
TLT,2024,10,OK
TLT,2024,11,OK
TLT,2024,12,OK
TLT,2025,1,OK
TLT,2025,2,OK
TLT,2025,3,OK
TLT,2025,4,OK
TLT,2025,5,OK
TLT,2025,6,OK
TLT,2025,7,OK
TLT,2025,8,OK
TLT,2025,9,OK
TLT,2025,10,OK
TLT,2025,11,OK
TLT,2025,12,OK
TLT,2026,1,OK
TLT,2026,2,OK
TSLA,2012,6,OK
TSLA,2012,7,OK
TSLA,2012,8,OK
TSLA,2012,9,OK
TSLA,2012,10,OK
TSLA,2012,11,OK
TSLA,2012,12,OK
TSLA,2013,1,OK
TSLA,2013,2,OK
TSLA,2013,3,OK
TSLA,2013,4,OK
TSLA,2013,5,OK
TSLA,2013,6,OK
TSLA,2013,7,OK
TSLA,2013,8,OK
TSLA,2013,9,OK
TSLA,2013,10,OK
TSLA,2013,11,OK
TSLA,2013,12,OK
TSLA,2014,1,OK
TSLA,2014,2,OK
TSLA,2014,3,OK
TSLA,2014,4,OK
TSLA,2014,5,OK
TSLA,2014,6,OK
TSLA,2014,7,OK
TSLA,2014,8,OK
TSLA,2014,9,OK
TSLA,2014,10,OK
TSLA,2014,11,OK
TSLA,2014,12,OK
TSLA,2015,1,OK
TSLA,2015,2,OK
TSLA,2015,3,OK
TSLA,2015,4,OK
TSLA,2015,5,OK
TSLA,2015,6,OK
TSLA,2015,7,OK
TSLA,2015,8,OK
TSLA,2015,9,OK
TSLA,2015,10,OK
TSLA,2015,11,OK
TSLA,2015,12,OK
TSLA,2016,1,OK
TSLA,2016,2,OK
TSLA,2016,3,OK
TSLA,2016,4,OK
TSLA,2016,5,OK
TSLA,2016,6,OK
TSLA,2016,7,OK
TSLA,2016,8,OK
TSLA,2016,9,OK
TSLA,2016,10,OK
TSLA,2016,11,OK
TSLA,2016,12,OK
TSLA,2017,1,OK
TSLA,2017,2,OK
TSLA,2017,3,OK
TSLA,2017,4,OK
TSLA,2017,5,OK
TSLA,2017,6,OK
TSLA,2017,7,OK
TSLA,2017,8,OK
TSLA,2017,9,OK
TSLA,2017,10,OK
TSLA,2017,11,OK
TSLA,2017,12,OK
TSLA,2018,1,OK
TSLA,2018,2,OK
TSLA,2018,3,OK
TSLA,2018,4,OK
TSLA,2018,5,OK
TSLA,2018,6,OK
TSLA,2018,7,OK
TSLA,2018,8,OK
TSLA,2018,9,OK
TSLA,2018,10,OK
TSLA,2018,11,OK
TSLA,2018,12,OK
TSLA,2019,1,OK
TSLA,2019,2,OK
TSLA,2019,3,OK
TSLA,2019,4,OK
TSLA,2019,5,OK
TSLA,2019,6,OK
TSLA,2019,7,OK
TSLA,2019,8,OK
TSLA,2019,9,OK
TSLA,2019,10,OK
TSLA,2019,11,OK
TSLA,2019,12,OK
TSLA,2020,1,OK
TSLA,2020,2,OK
TSLA,2020,3,OK
TSLA,2020,4,OK
TSLA,2020,5,OK
TSLA,2020,6,OK
TSLA,2020,7,OK
TSLA,2020,8,OK
TSLA,2020,9,OK
TSLA,2020,10,OK
TSLA,2020,11,OK
TSLA,2020,12,OK
TSLA,2021,1,OK
TSLA,2021,2,OK
TSLA,2021,3,OK
TSLA,2021,4,OK
TSLA,2021,5,OK
TSLA,2021,6,OK
TSLA,2021,7,OK
TSLA,2021,8,OK
TSLA,2021,9,OK
TSLA,2021,10,OK
TSLA,2021,11,OK
TSLA,2021,12,OK
TSLA,2022,1,OK
TSLA,2022,2,OK
TSLA,2022,3,OK
TSLA,2022,4,OK
TSLA,2022,5,OK
TSLA,2022,6,OK
TSLA,2022,7,OK
TSLA,2022,8,OK
TSLA,2022,9,OK
TSLA,2022,10,OK
TSLA,2022,11,OK
TSLA,2022,12,OK
TSLA,2023,1,OK
TSLA,2023,2,OK
TSLA,2023,3,OK
TSLA,2023,4,OK
TSLA,2023,5,OK
TSLA,2023,6,OK
TSLA,2023,7,OK
TSLA,2023,8,OK
TSLA,2023,9,OK
TSLA,2023,10,OK
TSLA,2023,11,OK
TSLA,2023,12,OK
TSLA,2024,1,OK
TSLA,2024,2,OK
TSLA,2024,3,OK
TSLA,2024,4,OK
TSLA,2024,5,OK
TSLA,2024,6,OK
TSLA,2024,7,OK
TSLA,2024,8,OK
TSLA,2024,9,OK
TSLA,2024,10,OK
TSLA,2024,11,OK
TSLA,2024,12,OK
TSLA,2025,1,OK
TSLA,2025,2,OK
TSLA,2025,3,OK
TSLA,2025,4,OK
TSLA,2025,5,OK
TSLA,2025,6,OK
TSLA,2025,7,OK
TSLA,2025,8,OK
TSLA,2025,9,OK
TSLA,2025,10,OK
TSLA,2025,11,OK
TSLA,2025,12,OK
TSLA,2026,1,OK
TSLA,2026,2,OK
VIX,2012,6,ALL_NAN
VIX,2012,7,ALL_NAN
VIX,2012,8,ALL_NAN
VIX,2012,9,ALL_NAN
VIX,2012,10,ALL_NAN
VIX,2012,11,ALL_NAN
VIX,2012,12,ALL_NAN
VIX,2013,1,NO_COLUMN
VIX,2013,2,ALL_NAN
VIX,2013,3,ALL_NAN
VIX,2013,4,ALL_NAN
VIX,2013,5,ALL_NAN
VIX,2013,6,ALL_NAN
VIX,2013,7,ALL_NAN
VIX,2013,8,ALL_NAN
VIX,2013,9,ALL_NAN
VIX,2013,10,ALL_NAN
VIX,2013,11,ALL_NAN
VIX,2013,12,NO_COLUMN
VIX,2014,1,NO_COLUMN
VIX,2014,2,ALL_NAN
VIX,2014,3,ALL_NAN
VIX,2014,4,ALL_NAN
VIX,2014,5,ALL_NAN
VIX,2014,6,ALL_NAN
VIX,2014,7,ALL_NAN
VIX,2014,8,ALL_NAN
VIX,2014,9,ALL_NAN
VIX,2014,10,ALL_NAN
VIX,2014,11,ALL_NAN
VIX,2014,12,ALL_NAN
VIX,2015,1,NO_COLUMN
VIX,2015,2,ALL_NAN
VIX,2015,3,ALL_NAN
VIX,2015,4,ALL_NAN
VIX,2015,5,ALL_NAN
VIX,2015,6,ALL_NAN
VIX,2015,7,ALL_NAN
VIX,2015,8,ALL_NAN
VIX,2015,9,ALL_NAN
VIX,2015,10,ALL_NAN
VIX,2015,11,ALL_NAN
VIX,2015,12,ALL_NAN
VIX,2016,1,ALL_NAN
VIX,2016,2,ALL_NAN
VIX,2016,3,ALL_NAN
VIX,2016,4,ALL_NAN
VIX,2016,5,ALL_NAN
VIX,2016,6,ALL_NAN
VIX,2016,7,ALL_NAN
VIX,2016,8,ALL_NAN
VIX,2016,9,ALL_NAN
VIX,2016,10,ALL_NAN
VIX,2016,11,ALL_NAN
VIX,2016,12,ALL_NAN
VIX,2017,1,OK
VIX,2017,2,OK
VIX,2017,3,OK
VIX,2017,4,OK
VIX,2017,5,OK
VIX,2017,6,OK
VIX,2017,7,OK
VIX,2017,8,OK
VIX,2017,9,OK
VIX,2017,10,OK
VIX,2017,11,OK
VIX,2017,12,OK
VIX,2018,1,OK
VIX,2018,2,OK
VIX,2018,3,OK
VIX,2018,4,OK
VIX,2018,5,OK
VIX,2018,6,OK
VIX,2018,7,OK
VIX,2018,8,OK
VIX,2018,9,OK
VIX,2018,10,OK
VIX,2018,11,OK
VIX,2018,12,OK
VIX,2019,1,OK
VIX,2019,2,OK
VIX,2019,3,OK
VIX,2019,4,OK
VIX,2019,5,OK
VIX,2019,6,OK
VIX,2019,7,OK
VIX,2019,8,OK
VIX,2019,9,OK
VIX,2019,10,OK
VIX,2019,11,OK
VIX,2019,12,OK
VIX,2020,1,OK
VIX,2020,2,OK
VIX,2020,3,OK
VIX,2020,4,OK
VIX,2020,5,OK
VIX,2020,6,OK
VIX,2020,7,OK
VIX,2020,8,OK
VIX,2020,9,OK
VIX,2020,10,OK
VIX,2020,11,OK
VIX,2020,12,OK
VIX,2021,1,OK
VIX,2021,2,OK
VIX,2021,3,OK
VIX,2021,4,OK
VIX,2021,5,OK
VIX,2021,6,OK
VIX,2021,7,OK
VIX,2021,8,OK
VIX,2021,9,OK
VIX,2021,10,OK
VIX,2021,11,OK
VIX,2021,12,OK
VIX,2022,1,OK
VIX,2022,2,OK
VIX,2022,3,OK
VIX,2022,4,OK
VIX,2022,5,OK
VIX,2022,6,OK
VIX,2022,7,OK
VIX,2022,8,OK
VIX,2022,9,OK
VIX,2022,10,OK
VIX,2022,11,OK
VIX,2022,12,OK
VIX,2023,1,OK
VIX,2023,2,OK
VIX,2023,3,OK
VIX,2023,4,OK
VIX,2023,5,OK
VIX,2023,6,OK
VIX,2023,7,OK
VIX,2023,8,OK
VIX,2023,9,OK
VIX,2023,10,OK
VIX,2023,11,OK
VIX,2023,12,OK
VIX,2024,1,OK
VIX,2024,2,OK
VIX,2024,3,OK
VIX,2024,4,OK
VIX,2024,5,OK
VIX,2024,6,OK
VIX,2024,7,OK
VIX,2024,8,OK
VIX,2024,9,OK
VIX,2024,10,OK
VIX,2024,11,OK
VIX,2024,12,OK
VIX,2025,1,OK
VIX,2025,2,OK
VIX,2025,3,OK
VIX,2025,4,OK
VIX,2025,5,OK
VIX,2025,6,OK
VIX,2025,7,OK
VIX,2025,8,OK
VIX,2025,9,OK
VIX,2025,10,OK
VIX,2025,11,OK
VIX,2025,12,OK
VIX,2026,1,OK
VIX,2026,2,OK
XLE,2012,6,ALL_NAN
XLE,2012,7,NO_COLUMN
XLE,2012,8,ALL_NAN
XLE,2012,9,ALL_NAN
XLE,2012,10,NO_COLUMN
XLE,2012,11,NO_COLUMN
XLE,2012,12,NO_COLUMN
XLE,2013,1,NO_COLUMN
XLE,2013,2,ALL_NAN
XLE,2013,3,ALL_NAN
XLE,2013,4,NO_COLUMN
XLE,2013,5,ALL_NAN
XLE,2013,6,NO_COLUMN
XLE,2013,7,NO_COLUMN
XLE,2013,8,NO_COLUMN
XLE,2013,9,NO_COLUMN
XLE,2013,10,ALL_NAN
XLE,2013,11,ALL_NAN
XLE,2013,12,NO_COLUMN
XLE,2014,1,NO_COLUMN
XLE,2014,2,NO_COLUMN
XLE,2014,3,ALL_NAN
XLE,2014,4,ALL_NAN
XLE,2014,5,ALL_NAN
XLE,2014,6,ALL_NAN
XLE,2014,7,ALL_NAN
XLE,2014,8,ALL_NAN
XLE,2014,9,ALL_NAN
XLE,2014,10,ALL_NAN
XLE,2014,11,ALL_NAN
XLE,2014,12,ALL_NAN
XLE,2015,1,ALL_NAN
XLE,2015,2,NO_COLUMN
XLE,2015,3,NO_COLUMN
XLE,2015,4,ALL_NAN
XLE,2015,5,ALL_NAN
XLE,2015,6,ALL_NAN
XLE,2015,7,ALL_NAN
XLE,2015,8,ALL_NAN
XLE,2015,9,ALL_NAN
XLE,2015,10,ALL_NAN
XLE,2015,11,NO_COLUMN
XLE,2015,12,ALL_NAN
XLE,2016,1,ALL_NAN
XLE,2016,2,NO_COLUMN
XLE,2016,3,ALL_NAN
XLE,2016,4,ALL_NAN
XLE,2016,5,ALL_NAN
XLE,2016,6,NO_COLUMN
XLE,2016,7,ALL_NAN
XLE,2016,8,ALL_NAN
XLE,2016,9,ALL_NAN
XLE,2016,10,ALL_NAN
XLE,2016,11,ALL_NAN
XLE,2016,12,NO_COLUMN
XLE,2017,1,OK
XLE,2017,2,OK
XLE,2017,3,OK
XLE,2017,4,OK
XLE,2017,5,OK
XLE,2017,6,OK
XLE,2017,7,OK
XLE,2017,8,OK
XLE,2017,9,OK
XLE,2017,10,OK
XLE,2017,11,OK
XLE,2017,12,OK
XLE,2018,1,OK
XLE,2018,2,OK
XLE,2018,3,OK
XLE,2018,4,OK
XLE,2018,5,OK
XLE,2018,6,OK
XLE,2018,7,OK
XLE,2018,8,OK
XLE,2018,9,OK
XLE,2018,10,OK
XLE,2018,11,OK
XLE,2018,12,OK
XLE,2019,1,OK
XLE,2019,2,OK
XLE,2019,3,OK
XLE,2019,4,OK
XLE,2019,5,OK
XLE,2019,6,OK
XLE,2019,7,OK
XLE,2019,8,OK
XLE,2019,9,OK
XLE,2019,10,OK
XLE,2019,11,OK
XLE,2019,12,OK
XLE,2020,1,OK
XLE,2020,2,OK
XLE,2020,3,OK
XLE,2020,4,OK
XLE,2020,5,OK
XLE,2020,6,OK
XLE,2020,7,OK
XLE,2020,8,OK
XLE,2020,9,OK
XLE,2020,10,OK
XLE,2020,11,OK
XLE,2020,12,OK
XLE,2021,1,OK
XLE,2021,2,OK
XLE,2021,3,OK
XLE,2021,4,OK
XLE,2021,5,OK
XLE,2021,6,OK
XLE,2021,7,OK
XLE,2021,8,OK
XLE,2021,9,OK
XLE,2021,10,OK
XLE,2021,11,OK
XLE,2021,12,OK
XLE,2022,1,OK
XLE,2022,2,OK
XLE,2022,3,OK
XLE,2022,4,OK
XLE,2022,5,OK
XLE,2022,6,OK
XLE,2022,7,OK
XLE,2022,8,OK
XLE,2022,9,OK
XLE,2022,10,OK
XLE,2022,11,OK
XLE,2022,12,OK
XLE,2023,1,OK
XLE,2023,2,OK
XLE,2023,3,OK
XLE,2023,4,OK
XLE,2023,5,OK
XLE,2023,6,OK
XLE,2023,7,OK
XLE,2023,8,OK
XLE,2023,9,OK
XLE,2023,10,OK
XLE,2023,11,OK
XLE,2023,12,OK
XLE,2024,1,OK
XLE,2024,2,OK
XLE,2024,3,OK
XLE,2024,4,OK
XLE,2024,5,OK
XLE,2024,6,OK
XLE,2024,7,OK
XLE,2024,8,OK
XLE,2024,9,OK
XLE,2024,10,OK
XLE,2024,11,OK
XLE,2024,12,OK
XLE,2025,1,OK
XLE,2025,2,OK
XLE,2025,3,OK
XLE,2025,4,OK
XLE,2025,5,OK
XLE,2025,6,OK
XLE,2025,7,OK
XLE,2025,8,OK
XLE,2025,9,OK
XLE,2025,10,OK
XLE,2025,11,OK
XLE,2025,12,OK
XLE,2026,1,OK
XLE,2026,2,OK
XLF,2012,6,ALL_NAN
XLF,2012,7,ALL_NAN
XLF,2012,8,ALL_NAN
XLF,2012,9,NO_COLUMN
XLF,2012,10,ALL_NAN
XLF,2012,11,ALL_NAN
XLF,2012,12,NO_COLUMN
XLF,2013,1,ALL_NAN
XLF,2013,2,ALL_NAN
XLF,2013,3,ALL_NAN
XLF,2013,4,ALL_NAN
XLF,2013,5,ALL_NAN
XLF,2013,6,ALL_NAN
XLF,2013,7,NO_COLUMN
XLF,2013,8,NO_COLUMN
XLF,2013,9,ALL_NAN
XLF,2013,10,ALL_NAN
XLF,2013,11,ALL_NAN
XLF,2013,12,ALL_NAN
XLF,2014,1,ALL_NAN
XLF,2014,2,ALL_NAN
XLF,2014,3,ALL_NAN
XLF,2014,4,ALL_NAN
XLF,2014,5,ALL_NAN
XLF,2014,6,ALL_NAN
XLF,2014,7,ALL_NAN
XLF,2014,8,ALL_NAN
XLF,2014,9,ALL_NAN
XLF,2014,10,ALL_NAN
XLF,2014,11,ALL_NAN
XLF,2014,12,ALL_NAN
XLF,2015,1,ALL_NAN
XLF,2015,2,ALL_NAN
XLF,2015,3,ALL_NAN
XLF,2015,4,ALL_NAN
XLF,2015,5,ALL_NAN
XLF,2015,6,ALL_NAN
XLF,2015,7,ALL_NAN
XLF,2015,8,ALL_NAN
XLF,2015,9,NO_COLUMN
XLF,2015,10,ALL_NAN
XLF,2015,11,ALL_NAN
XLF,2015,12,ALL_NAN
XLF,2016,1,NO_COLUMN
XLF,2016,2,NO_COLUMN
XLF,2016,3,ALL_NAN
XLF,2016,4,NO_COLUMN
XLF,2016,5,ALL_NAN
XLF,2016,6,ALL_NAN
XLF,2016,7,ALL_NAN
XLF,2016,8,ALL_NAN
XLF,2016,9,NO_COLUMN
XLF,2016,10,ALL_NAN
XLF,2016,11,ALL_NAN
XLF,2016,12,NO_COLUMN
XLF,2017,1,OK
XLF,2017,2,OK
XLF,2017,3,OK
XLF,2017,4,OK
XLF,2017,5,OK
XLF,2017,6,OK
XLF,2017,7,OK
XLF,2017,8,OK
XLF,2017,9,OK
XLF,2017,10,OK
XLF,2017,11,OK
XLF,2017,12,OK
XLF,2018,1,OK
XLF,2018,2,OK
XLF,2018,3,OK
XLF,2018,4,OK
XLF,2018,5,OK
XLF,2018,6,OK
XLF,2018,7,OK
XLF,2018,8,OK
XLF,2018,9,OK
XLF,2018,10,OK
XLF,2018,11,OK
XLF,2018,12,OK
XLF,2019,1,OK
XLF,2019,2,OK
XLF,2019,3,OK
XLF,2019,4,OK
XLF,2019,5,OK
XLF,2019,6,OK
XLF,2019,7,OK
XLF,2019,8,OK
XLF,2019,9,OK
XLF,2019,10,OK
XLF,2019,11,OK
XLF,2019,12,OK
XLF,2020,1,OK
XLF,2020,2,OK
XLF,2020,3,OK
XLF,2020,4,OK
XLF,2020,5,OK
XLF,2020,6,OK
XLF,2020,7,OK
XLF,2020,8,OK
XLF,2020,9,OK
XLF,2020,10,OK
XLF,2020,11,OK
XLF,2020,12,OK
XLF,2021,1,OK
XLF,2021,2,OK
XLF,2021,3,OK
XLF,2021,4,OK
XLF,2021,5,OK
XLF,2021,6,OK
XLF,2021,7,OK
XLF,2021,8,OK
XLF,2021,9,OK
XLF,2021,10,OK
XLF,2021,11,OK
XLF,2021,12,OK
XLF,2022,1,OK
XLF,2022,2,OK
XLF,2022,3,OK
XLF,2022,4,OK
XLF,2022,5,OK
XLF,2022,6,OK
XLF,2022,7,OK
XLF,2022,8,OK
XLF,2022,9,OK
XLF,2022,10,OK
XLF,2022,11,OK
XLF,2022,12,OK
XLF,2023,1,OK
XLF,2023,2,OK
XLF,2023,3,OK
XLF,2023,4,OK
XLF,2023,5,OK
XLF,2023,6,OK
XLF,2023,7,OK
XLF,2023,8,OK
XLF,2023,9,OK
XLF,2023,10,OK
XLF,2023,11,OK
XLF,2023,12,OK
XLF,2024,1,OK
XLF,2024,2,OK
XLF,2024,3,OK
XLF,2024,4,OK
XLF,2024,5,OK
XLF,2024,6,OK
XLF,2024,7,OK
XLF,2024,8,OK
XLF,2024,9,OK
XLF,2024,10,OK
XLF,2024,11,OK
XLF,2024,12,OK
XLF,2025,1,OK
XLF,2025,2,OK
XLF,2025,3,OK
XLF,2025,4,OK
XLF,2025,5,OK
XLF,2025,6,OK
XLF,2025,7,OK
XLF,2025,8,OK
XLF,2025,9,OK
XLF,2025,10,OK
XLF,2025,11,OK
XLF,2025,12,OK
XLF,2026,1,OK
XLF,2026,2,OK
XLI,2012,6,NO_COLUMN
XLI,2012,7,NO_COLUMN
XLI,2012,8,ALL_NAN
XLI,2012,9,ALL_NAN
XLI,2012,10,ALL_NAN
XLI,2012,11,NO_COLUMN
XLI,2012,12,NO_COLUMN
XLI,2013,1,ALL_NAN
XLI,2013,2,ALL_NAN
XLI,2013,3,ALL_NAN
XLI,2013,4,ALL_NAN
XLI,2013,5,ALL_NAN
XLI,2013,6,ALL_NAN
XLI,2013,7,ALL_NAN
XLI,2013,8,ALL_NAN
XLI,2013,9,NO_COLUMN
XLI,2013,10,ALL_NAN
XLI,2013,11,ALL_NAN
XLI,2013,12,ALL_NAN
XLI,2014,1,ALL_NAN
XLI,2014,2,NO_COLUMN
XLI,2014,3,ALL_NAN
XLI,2014,4,ALL_NAN
XLI,2014,5,ALL_NAN
XLI,2014,6,ALL_NAN
XLI,2014,7,ALL_NAN
XLI,2014,8,ALL_NAN
XLI,2014,9,ALL_NAN
XLI,2014,10,ALL_NAN
XLI,2014,11,ALL_NAN
XLI,2014,12,ALL_NAN
XLI,2015,1,ALL_NAN
XLI,2015,2,ALL_NAN
XLI,2015,3,ALL_NAN
XLI,2015,4,ALL_NAN
XLI,2015,5,ALL_NAN
XLI,2015,6,NO_COLUMN
XLI,2015,7,ALL_NAN
XLI,2015,8,NO_COLUMN
XLI,2015,9,NO_COLUMN
XLI,2015,10,ALL_NAN
XLI,2015,11,ALL_NAN
XLI,2015,12,ALL_NAN
XLI,2016,1,NO_COLUMN
XLI,2016,2,ALL_NAN
XLI,2016,3,NO_COLUMN
XLI,2016,4,ALL_NAN
XLI,2016,5,ALL_NAN
XLI,2016,6,ALL_NAN
XLI,2016,7,ALL_NAN
XLI,2016,8,ALL_NAN
XLI,2016,9,ALL_NAN
XLI,2016,10,ALL_NAN
XLI,2016,11,ALL_NAN
XLI,2016,12,ALL_NAN
XLI,2017,1,OK
XLI,2017,2,OK
XLI,2017,3,OK
XLI,2017,4,OK
XLI,2017,5,OK
XLI,2017,6,OK
XLI,2017,7,OK
XLI,2017,8,OK
XLI,2017,9,OK
XLI,2017,10,OK
XLI,2017,11,OK
XLI,2017,12,OK
XLI,2018,1,OK
XLI,2018,2,OK
XLI,2018,3,OK
XLI,2018,4,OK
XLI,2018,5,OK
XLI,2018,6,OK
XLI,2018,7,OK
XLI,2018,8,OK
XLI,2018,9,OK
XLI,2018,10,OK
XLI,2018,11,OK
XLI,2018,12,OK
XLI,2019,1,OK
XLI,2019,2,OK
XLI,2019,3,OK
XLI,2019,4,OK
XLI,2019,5,OK
XLI,2019,6,OK
XLI,2019,7,OK
XLI,2019,8,OK
XLI,2019,9,OK
XLI,2019,10,OK
XLI,2019,11,OK
XLI,2019,12,OK
XLI,2020,1,OK
XLI,2020,2,OK
XLI,2020,3,OK
XLI,2020,4,OK
XLI,2020,5,OK
XLI,2020,6,OK
XLI,2020,7,OK
XLI,2020,8,OK
XLI,2020,9,OK
XLI,2020,10,OK
XLI,2020,11,OK
XLI,2020,12,OK
XLI,2021,1,OK
XLI,2021,2,OK
XLI,2021,3,OK
XLI,2021,4,OK
XLI,2021,5,OK
XLI,2021,6,OK
XLI,2021,7,OK
XLI,2021,8,OK
XLI,2021,9,OK
XLI,2021,10,OK
XLI,2021,11,OK
XLI,2021,12,OK
XLI,2022,1,OK
XLI,2022,2,OK
XLI,2022,3,OK
XLI,2022,4,OK
XLI,2022,5,OK
XLI,2022,6,OK
XLI,2022,7,OK
XLI,2022,8,OK
XLI,2022,9,OK
XLI,2022,10,OK
XLI,2022,11,OK
XLI,2022,12,OK
XLI,2023,1,OK
XLI,2023,2,OK
XLI,2023,3,OK
XLI,2023,4,OK
XLI,2023,5,OK
XLI,2023,6,OK
XLI,2023,7,OK
XLI,2023,8,OK
XLI,2023,9,OK
XLI,2023,10,OK
XLI,2023,11,OK
XLI,2023,12,OK
XLI,2024,1,OK
XLI,2024,2,OK
XLI,2024,3,OK
XLI,2024,4,OK
XLI,2024,5,OK
XLI,2024,6,OK
XLI,2024,7,OK
XLI,2024,8,OK
XLI,2024,9,OK
XLI,2024,10,OK
XLI,2024,11,OK
XLI,2024,12,OK
XLI,2025,1,OK
XLI,2025,2,OK
XLI,2025,3,OK
XLI,2025,4,OK
XLI,2025,5,OK
XLI,2025,6,OK
XLI,2025,7,OK
XLI,2025,8,OK
XLI,2025,9,OK
XLI,2025,10,OK
XLI,2025,11,OK
XLI,2025,12,OK
XLI,2026,1,OK
XLI,2026,2,OK
XLK,2012,6,ALL_NAN
XLK,2012,7,NO_COLUMN
XLK,2012,8,NO_COLUMN
XLK,2012,9,NO_COLUMN
XLK,2012,10,NO_COLUMN
XLK,2012,11,NO_COLUMN
XLK,2012,12,NO_COLUMN
XLK,2013,1,NO_COLUMN
XLK,2013,2,ALL_NAN
XLK,2013,3,NO_COLUMN
XLK,2013,4,ALL_NAN
XLK,2013,5,ALL_NAN
XLK,2013,6,ALL_NAN
XLK,2013,7,ALL_NAN
XLK,2013,8,ALL_NAN
XLK,2013,9,ALL_NAN
XLK,2013,10,NO_COLUMN
XLK,2013,11,ALL_NAN
XLK,2013,12,NO_COLUMN
XLK,2014,1,ALL_NAN
XLK,2014,2,ALL_NAN
XLK,2014,3,ALL_NAN
XLK,2014,4,NO_COLUMN
XLK,2014,5,ALL_NAN
XLK,2014,6,ALL_NAN
XLK,2014,7,ALL_NAN
XLK,2014,8,ALL_NAN
XLK,2014,9,ALL_NAN
XLK,2014,10,ALL_NAN
XLK,2014,11,ALL_NAN
XLK,2014,12,ALL_NAN
XLK,2015,1,ALL_NAN
XLK,2015,2,ALL_NAN
XLK,2015,3,ALL_NAN
XLK,2015,4,NO_COLUMN
XLK,2015,5,ALL_NAN
XLK,2015,6,ALL_NAN
XLK,2015,7,ALL_NAN
XLK,2015,8,ALL_NAN
XLK,2015,9,NO_COLUMN
XLK,2015,10,NO_COLUMN
XLK,2015,11,NO_COLUMN
XLK,2015,12,ALL_NAN
XLK,2016,1,ALL_NAN
XLK,2016,2,NO_COLUMN
XLK,2016,3,ALL_NAN
XLK,2016,4,ALL_NAN
XLK,2016,5,NO_COLUMN
XLK,2016,6,ALL_NAN
XLK,2016,7,ALL_NAN
XLK,2016,8,ALL_NAN
XLK,2016,9,ALL_NAN
XLK,2016,10,NO_COLUMN
XLK,2016,11,ALL_NAN
XLK,2016,12,NO_COLUMN
XLK,2017,1,OK
XLK,2017,2,OK
XLK,2017,3,OK
XLK,2017,4,OK
XLK,2017,5,OK
XLK,2017,6,OK
XLK,2017,7,OK
XLK,2017,8,OK
XLK,2017,9,OK
XLK,2017,10,OK
XLK,2017,11,OK
XLK,2017,12,OK
XLK,2018,1,OK
XLK,2018,2,OK
XLK,2018,3,OK
XLK,2018,4,OK
XLK,2018,5,OK
XLK,2018,6,OK
XLK,2018,7,OK
XLK,2018,8,OK
XLK,2018,9,OK
XLK,2018,10,OK
XLK,2018,11,OK
XLK,2018,12,OK
XLK,2019,1,OK
XLK,2019,2,OK
XLK,2019,3,OK
XLK,2019,4,OK
XLK,2019,5,OK
XLK,2019,6,OK
XLK,2019,7,OK
XLK,2019,8,OK
XLK,2019,9,OK
XLK,2019,10,OK
XLK,2019,11,OK
XLK,2019,12,OK
XLK,2020,1,OK
XLK,2020,2,OK
XLK,2020,3,OK
XLK,2020,4,OK
XLK,2020,5,OK
XLK,2020,6,OK
XLK,2020,7,OK
XLK,2020,8,OK
XLK,2020,9,OK
XLK,2020,10,OK
XLK,2020,11,OK
XLK,2020,12,OK
XLK,2021,1,OK
XLK,2021,2,OK
XLK,2021,3,OK
XLK,2021,4,OK
XLK,2021,5,OK
XLK,2021,6,OK
XLK,2021,7,OK
XLK,2021,8,OK
XLK,2021,9,OK
XLK,2021,10,OK
XLK,2021,11,OK
XLK,2021,12,OK
XLK,2022,1,OK
XLK,2022,2,OK
XLK,2022,3,OK
XLK,2022,4,OK
XLK,2022,5,OK
XLK,2022,6,OK
XLK,2022,7,OK
XLK,2022,8,OK
XLK,2022,9,OK
XLK,2022,10,OK
XLK,2022,11,OK
XLK,2022,12,OK
XLK,2023,1,OK
XLK,2023,2,OK
XLK,2023,3,OK
XLK,2023,4,OK
XLK,2023,5,OK
XLK,2023,6,OK
XLK,2023,7,OK
XLK,2023,8,OK
XLK,2023,9,OK
XLK,2023,10,OK
XLK,2023,11,OK
XLK,2023,12,OK
XLK,2024,1,OK
XLK,2024,2,OK
XLK,2024,3,OK
XLK,2024,4,OK
XLK,2024,5,OK
XLK,2024,6,OK
XLK,2024,7,OK
XLK,2024,8,OK
XLK,2024,9,OK
XLK,2024,10,OK
XLK,2024,11,OK
XLK,2024,12,OK
XLK,2025,1,OK
XLK,2025,2,OK
XLK,2025,3,OK
XLK,2025,4,OK
XLK,2025,5,OK
XLK,2025,6,OK
XLK,2025,7,OK
XLK,2025,8,OK
XLK,2025,9,OK
XLK,2025,10,OK
XLK,2025,11,OK
XLK,2025,12,OK
XLK,2026,1,OK
XLK,2026,2,OK
XLV,2012,6,NO_COLUMN
XLV,2012,7,NO_COLUMN
XLV,2012,8,NO_COLUMN
XLV,2012,9,NO_COLUMN
XLV,2012,10,NO_COLUMN
XLV,2012,11,NO_COLUMN
XLV,2012,12,NO_COLUMN
XLV,2013,1,NO_COLUMN
XLV,2013,2,NO_COLUMN
XLV,2013,3,NO_COLUMN
XLV,2013,4,NO_COLUMN
XLV,2013,5,NO_COLUMN
XLV,2013,6,ALL_NAN
XLV,2013,7,ALL_NAN
XLV,2013,8,NO_COLUMN
XLV,2013,9,ALL_NAN
XLV,2013,10,ALL_NAN
XLV,2013,11,NO_COLUMN
XLV,2013,12,ALL_NAN
XLV,2014,1,ALL_NAN
XLV,2014,2,NO_COLUMN
XLV,2014,3,ALL_NAN
XLV,2014,4,ALL_NAN
XLV,2014,5,ALL_NAN
XLV,2014,6,ALL_NAN
XLV,2014,7,ALL_NAN
XLV,2014,8,ALL_NAN
XLV,2014,9,ALL_NAN
XLV,2014,10,ALL_NAN
XLV,2014,11,ALL_NAN
XLV,2014,12,ALL_NAN
XLV,2015,1,NO_COLUMN
XLV,2015,2,ALL_NAN
XLV,2015,3,ALL_NAN
XLV,2015,4,ALL_NAN
XLV,2015,5,ALL_NAN
XLV,2015,6,ALL_NAN
XLV,2015,7,ALL_NAN
XLV,2015,8,ALL_NAN
XLV,2015,9,NO_COLUMN
XLV,2015,10,NO_COLUMN
XLV,2015,11,ALL_NAN
XLV,2015,12,NO_COLUMN
XLV,2016,1,ALL_NAN
XLV,2016,2,NO_COLUMN
XLV,2016,3,NO_COLUMN
XLV,2016,4,ALL_NAN
XLV,2016,5,NO_COLUMN
XLV,2016,6,NO_COLUMN
XLV,2016,7,ALL_NAN
XLV,2016,8,ALL_NAN
XLV,2016,9,ALL_NAN
XLV,2016,10,ALL_NAN
XLV,2016,11,ALL_NAN
XLV,2016,12,ALL_NAN
XLV,2017,1,OK
XLV,2017,2,OK
XLV,2017,3,OK
XLV,2017,4,OK
XLV,2017,5,OK
XLV,2017,6,OK
XLV,2017,7,OK
XLV,2017,8,OK
XLV,2017,9,OK
XLV,2017,10,OK
XLV,2017,11,OK
XLV,2017,12,OK
XLV,2018,1,OK
XLV,2018,2,OK
XLV,2018,3,OK
XLV,2018,4,OK
XLV,2018,5,OK
XLV,2018,6,OK
XLV,2018,7,OK
XLV,2018,8,OK
XLV,2018,9,OK
XLV,2018,10,OK
XLV,2018,11,OK
XLV,2018,12,OK
XLV,2019,1,OK
XLV,2019,2,OK
XLV,2019,3,OK
XLV,2019,4,OK
XLV,2019,5,OK
XLV,2019,6,OK
XLV,2019,7,OK
XLV,2019,8,OK
XLV,2019,9,OK
XLV,2019,10,OK
XLV,2019,11,OK
XLV,2019,12,OK
XLV,2020,1,OK
XLV,2020,2,OK
XLV,2020,3,OK
XLV,2020,4,OK
XLV,2020,5,OK
XLV,2020,6,OK
XLV,2020,7,OK
XLV,2020,8,OK
XLV,2020,9,OK
XLV,2020,10,OK
XLV,2020,11,OK
XLV,2020,12,OK
XLV,2021,1,OK
XLV,2021,2,OK
XLV,2021,3,OK
XLV,2021,4,OK
XLV,2021,5,OK
XLV,2021,6,OK
XLV,2021,7,OK
XLV,2021,8,OK
XLV,2021,9,OK
XLV,2021,10,OK
XLV,2021,11,OK
XLV,2021,12,OK
XLV,2022,1,OK
XLV,2022,2,OK
XLV,2022,3,OK
XLV,2022,4,OK
XLV,2022,5,OK
XLV,2022,6,OK
XLV,2022,7,OK
XLV,2022,8,OK
XLV,2022,9,OK
XLV,2022,10,OK
XLV,2022,11,OK
XLV,2022,12,OK
XLV,2023,1,OK
XLV,2023,2,OK
XLV,2023,3,OK
XLV,2023,4,OK
XLV,2023,5,OK
XLV,2023,6,OK
XLV,2023,7,OK
XLV,2023,8,OK
XLV,2023,9,OK
XLV,2023,10,OK
XLV,2023,11,OK
XLV,2023,12,OK
XLV,2024,1,OK
XLV,2024,2,OK
XLV,2024,3,OK
XLV,2024,4,OK
XLV,2024,5,OK
XLV,2024,6,OK
XLV,2024,7,OK
XLV,2024,8,OK
XLV,2024,9,OK
XLV,2024,10,OK
XLV,2024,11,OK
XLV,2024,12,OK
XLV,2025,1,OK
XLV,2025,2,OK
XLV,2025,3,OK
XLV,2025,4,OK
XLV,2025,5,OK
XLV,2025,6,OK
XLV,2025,7,OK
XLV,2025,8,OK
XLV,2025,9,OK
XLV,2025,10,OK
XLV,2025,11,OK
XLV,2025,12,OK
XLV,2026,1,OK
XLV,2026,2,OK
